id_deputado,qtd_presencas,total_sessoes,taxa_presenca,id,nome,siglaPartido,siglaUf,deputado
62881.0,266,392,0.6785714285714286,62881.0,Danilo Forte,UNIÃO,CE,Danilo Forte (UNIÃO/CE)
66179.0,221,392,0.5637755102040817,,,,,
66385.0,120,392,0.30612244897959184,66385.0,Julio Arcoverde,PP,PI,Julio Arcoverde (PP/PI)
66828.0,329,392,0.8392857142857143,66828.0,Fausto Pinato,PP,SP,Fausto Pinato (PP/SP)
67138.0,197,392,0.5025510204081632,,,,,
68720.0,245,392,0.625,,,,,
69871.0,340,392,0.8673469387755102,69871.0,Bacelar,PV,BA,Bacelar (PV/BA)
72442.0,326,392,0.8316326530612245,72442.0,Felipe Carreras,PSB,PE,Felipe Carreras (PSB/PE)
73433.0,343,392,0.875,73433.0,Arlindo Chinaglia,PT,SP,Arlindo Chinaglia (PT/SP)
73441.0,347,392,0.8852040816326531,73441.0,Celso Russomanno,REPUBLICANOS,SP,Celso Russomanno (REPUBLICANOS/SP)
73460.0,233,392,0.5943877551020408,,,,,
73463.0,78,392,0.1989795918367347,,,,,
73466.0,232,392,0.5918367346938775,,,,,
73482.0,226,392,0.576530612244898,,,,,
73486.0,342,392,0.8724489795918368,73486.0,Pompeo de Mattos,PDT,RS,Pompeo de Mattos (PDT/RS)
73531.0,335,392,0.8545918367346939,73531.0,Ivan Valente,PSOL,SP,Ivan Valente (PSOL/SP)
73579.0,120,392,0.30612244897959184,73579.0,Alberto Fraga,PL,DF,Alberto Fraga (PL/DF)
73586.0,225,392,0.5739795918367347,,,,,
73604.0,336,392,0.8571428571428571,73604.0,Rui Falcão,PT,SP,Rui Falcão (PT/SP)
73692.0,313,392,0.798469387755102,73692.0,Osmar Terra,PL,RS,Osmar Terra (PL/RS)
73696.0,231,392,0.5892857142857143,,,,,
73701.0,297,392,0.7576530612244898,73701.0,Benedita da Silva,PT,RJ,Benedita da Silva (PT/RJ)
73768.0,121,392,0.3086734693877551,73768.0,Dilceu Sperafico,PP,PR,Dilceu Sperafico (PP/PR)
73772.0,215,392,0.548469387755102,,,,,
73778.0,82,392,0.20918367346938777,73778.0,Luiz Carlos Hauly,PODE,PR,Luiz Carlos Hauly (PODE/PR)
73788.0,247,392,0.6301020408163265,73788.0,Ricardo Barros,PP,PR,Ricardo Barros (PP/PR)
73801.0,327,392,0.8341836734693877,73801.0,Renildo Calheiros,PCdoB,PE,Renildo Calheiros (PCdoB/PE)
73806.0,50,392,0.12755102040816327,,,,,
73808.0,217,392,0.5535714285714286,,,,,
73891.0,7,392,0.017857142857142856,,,,,
73943.0,227,392,0.5790816326530612,,,,,
74041.0,122,392,0.3112244897959184,74041.0,Luiz Couto,PT,PB,Luiz Couto (PT/PB)
74043.0,262,392,0.6683673469387755,74043.0,Wellington Roberto,PL,PB,Wellington Roberto (PL/PB)
74044.0,321,392,0.8188775510204082,74044.0,Wilson Santiago,REPUBLICANOS,PB,Wilson Santiago (REPUBLICANOS/PB)
74052.0,242,392,0.6173469387755102,,,,,
74057.0,354,392,0.9030612244897959,74057.0,Alice Portugal,PCdoB,BA,Alice Portugal (PCdoB/BA)
74060.0,350,392,0.8928571428571429,74060.0,Daniel Almeida,PCdoB,BA,Daniel Almeida (PCdoB/BA)
74075.0,281,392,0.7168367346938775,74075.0,Elcione Barbalho,MDB,PA,Elcione Barbalho (MDB/PA)
74079.0,302,392,0.7704081632653061,74079.0,José Priante,MDB,PA,José Priante (MDB/PA)
74084.0,124,392,0.3163265306122449,74084.0,Raimundo Santos,PSD,PA,Raimundo Santos (PSD/PA)
74090.0,317,392,0.8086734693877551,74090.0,Átila Lins,PSD,AM,Átila Lins (PSD/AM)
74095.0,73,392,0.18622448979591838,74095.0,Pauderney Avelino,UNIÃO,AM,Pauderney Avelino (UNIÃO/AM)
74141.0,153,392,0.3903061224489796,74141.0,Josias Gomes,PT,BA,Josias Gomes (PT/BA)
74156.0,347,392,0.8852040816326531,74156.0,Leonardo Monteiro,PT,MG,Leonardo Monteiro (PT/MG)
74158.0,310,392,0.7908163265306123,74158.0,Mário Heringer,PDT,MG,Mário Heringer (PDT/MG)
74159.0,343,392,0.875,74159.0,Odair Cunha,PT,MG,Odair Cunha (PT/MG)
74160.0,346,392,0.8826530612244898,74160.0,Patrus Ananias,PT,MG,Patrus Ananias (PT/MG)
74161.0,333,392,0.8494897959183674,74161.0,Reginaldo Lopes,PT,MG,Reginaldo Lopes (PT/MG)
74165.0,117,392,0.29846938775510207,,,,,
74171.0,124,392,0.3163265306122449,74171.0,Chico Alencar,PSOL,RJ,Chico Alencar (PSOL/RJ)
74200.0,158,392,0.4030612244897959,,,,,
74212.0,43,392,0.1096938775510204,,,,,
74253.0,150,392,0.3826530612244898,74253.0,Julio Lopes,PP,RJ,Julio Lopes (PP/RJ)
74254.0,40,392,0.10204081632653061,,,,,
74262.0,339,392,0.8647959183673469,74262.0,Carlos Sampaio,PSD,SP,Carlos Sampaio (PSD/SP)
74270.0,286,392,0.7295918367346939,74270.0,Gilberto Nascimento,PSD,SP,Gilberto Nascimento (PSD/SP)
74273.0,325,392,0.8290816326530612,74273.0,Jefferson Campos,PL,SP,Jefferson Campos (PL/SP)
74283.0,337,392,0.8596938775510204,74283.0,Vicentinho,PT,SP,Vicentinho (PT/SP)
74299.0,325,392,0.8290816326530612,74299.0,Leônidas Cristino,PDT,CE,Leônidas Cristino (PDT/CE)
74305.0,61,392,0.1556122448979592,,,,,
74317.0,343,392,0.875,74317.0,Júlio Cesar,PSD,PI,Júlio Cesar (PSD/PI)
74319.0,64,392,0.16326530612244897,,,,,
74352.0,210,392,0.5357142857142857,,,,,
74356.0,316,392,0.8061224489795918,74356.0,Silas Câmara,REPUBLICANOS,AM,Silas Câmara (REPUBLICANOS/AM)
74366.0,224,392,0.5714285714285714,,,,,
74371.0,340,392,0.8673469387755102,74371.0,Rubens Otoni,PT,GO,Rubens Otoni (PT/GO)
74374.0,118,392,0.3010204081632653,74374.0,Geraldo Resende,PSDB,MS,Geraldo Resende (PSDB/MS)
74376.0,346,392,0.8826530612244898,74376.0,Vander Loubet,PT,MS,Vander Loubet (PT/MS)
74383.0,335,392,0.8545918367346939,74383.0,Giacobo,PL,PR,Giacobo (PL/PR)
74398.0,310,392,0.7908163265306123,74398.0,Maria do Rosário,PT,RS,Maria do Rosário (PT/RS)
74399.0,29,392,0.07397959183673469,,,,,
74400.0,265,392,0.6760204081632653,74400.0,Paulo Pimenta,PT,RS,Paulo Pimenta (PT/RS)
74419.0,227,392,0.5790816326530612,,,,,
74428.0,117,392,0.29846938775510207,74428.0,Mendonça Filho,UNIÃO,PE,Mendonça Filho (UNIÃO/PE)
74439.0,221,392,0.5637755102040817,,,,,
74454.0,105,392,0.26785714285714285,74454.0,Eunício Oliveira,MDB,CE,Eunício Oliveira (MDB/CE)
74459.0,226,392,0.576530612244898,,,,,
74467.0,315,392,0.8035714285714286,74467.0,Damião Feliciano,UNIÃO,PB,Damião Feliciano (UNIÃO/PB)
74471.0,222,392,0.5663265306122449,,,,,
74478.0,233,392,0.5943877551020408,74478.0,Luciano Bivar,UNIÃO,PE,Luciano Bivar (UNIÃO/PE)
74537.0,338,392,0.8622448979591837,74537.0,Claudio Cajado,PP,BA,Claudio Cajado (PP/BA)
74550.0,116,392,0.29591836734693877,74550.0,João Leão,PP,BA,João Leão (PP/BA)
74554.0,317,392,0.8086734693877551,74554.0,José Rocha,UNIÃO,BA,José Rocha (UNIÃO/BA)
74574.0,331,392,0.8443877551020408,74574.0,Paulo Magalhães,PSD,BA,Paulo Magalhães (PSD/BA)
74585.0,354,392,0.9030612244897959,74585.0,Lincoln Portela,PL,MG,Lincoln Portela (PL/MG)
74646.0,313,392,0.798469387755102,74646.0,Aécio Neves,PSDB,MG,Aécio Neves (PSDB/MG)
74655.0,234,392,0.5969387755102041,,,,,
74693.0,163,392,0.41581632653061223,,,,,
74696.0,64,392,0.16326530612244897,,,,,
74749.0,214,392,0.5459183673469388,,,,,
74784.0,304,392,0.7755102040816326,74784.0,Luiza Erundina,PSOL,SP,Luiza Erundina (PSOL/SP)
74806.0,62,392,0.15816326530612246,,,,,
74848.0,348,392,0.8877551020408163,74848.0,Jandira Feghali,PCdoB,RJ,Jandira Feghali (PCdoB/RJ)
74856.0,121,392,0.3086734693877551,74856.0,Laura Carneiro,PSD,RJ,Laura Carneiro (PSD/RJ)
74858.0,119,392,0.30357142857142855,74858.0,Lindbergh Farias,PT,RJ,Lindbergh Farias (PT/RJ)
75431.0,226,392,0.576530612244898,,,,,
76874.0,232,392,0.5918367346938775,,,,,
80815.0,121,392,0.3086734693877551,80815.0,Leo Prates,PDT,BA,Leo Prates (PDT/BA)
81055.0,275,392,0.701530612244898,81055.0,Márcio Jerry,PCdoB,MA,Márcio Jerry (PCdoB/MA)
81297.0,235,392,0.5994897959183674,,,,,
88256.0,116,392,0.29591836734693877,88256.0,Clodoaldo Magalhães,PV,PE,Clodoaldo Magalhães (PV/PE)
89536.0,31,392,0.07908163265306123,,,,,
90201.0,224,392,0.5714285714285714,,,,,
90842.0,136,392,0.3469387755102041,,,,,
91228.0,118,392,0.3010204081632653,91228.0,Waldemar Oliveira,AVANTE,PE,Waldemar Oliveira (AVANTE/PE)
92102.0,341,392,0.8698979591836735,92102.0,Leur Lomanto Júnior,UNIÃO,BA,Leur Lomanto Júnior (UNIÃO/BA)
92172.0,109,392,0.2780612244897959,,,,,
92346.0,292,392,0.7448979591836735,92346.0,Eduardo Bolsonaro,PL,SP,Eduardo Bolsonaro (PL/SP)
92699.0,337,392,0.8596938775510204,92699.0,Fernando Monteiro,REPUBLICANOS,PE,Fernando Monteiro (REPUBLICANOS/PE)
92776.0,326,392,0.8316326530612245,92776.0,Stefano Aguiar,PSD,MG,Stefano Aguiar (PSD/MG)
93083.0,228,392,0.5816326530612245,,,,,
98057.0,329,392,0.8392857142857143,98057.0,Lafayette de Andrada,REPUBLICANOS,MG,Lafayette de Andrada (REPUBLICANOS/MG)
98148.0,124,392,0.3163265306122449,98148.0,Cobalchini,MDB,SC,Cobalchini (MDB/SC)
98615.0,119,392,0.30357142857142855,98615.0,Ismael,PSD,SC,Ismael (PSD/SC)
100689.0,13,392,0.03316326530612245,,,,,
103758.0,60,392,0.15306122448979592,,,,,
104552.0,121,392,0.3086734693877551,104552.0,Socorro Neri,PP,AC,Socorro Neri (PP/AC)
105534.0,14,392,0.03571428571428571,,,,,
107283.0,283,392,0.7219387755102041,,,,,
107970.0,107,392,0.2729591836734694,107970.0,Ana Paula Leão,PP,MG,Ana Paula Leão (PP/MG)
108338.0,225,392,0.5739795918367347,,,,,
109429.0,354,392,0.9030612244897959,109429.0,Benes Leocádio,UNIÃO,RN,Benes Leocádio (UNIÃO/RN)
112437.0,199,392,0.5076530612244898,,,,,
115200.0,17,392,0.04336734693877551,,,,,
115746.0,219,392,0.5586734693877551,,,,,
116379.0,242,392,0.6173469387755102,,,,,
118594.0,27,392,0.06887755102040816,,,,,
121948.0,351,392,0.8954081632653061,121948.0,Adriano do Baldy,PP,GO,Adriano do Baldy (PP/GO)
122158.0,261,392,0.6658163265306123,122158.0,Pedro Paulo,PSD,RJ,Pedro Paulo (PSD/RJ)
122195.0,65,392,0.16581632653061223,,,,,
122466.0,40,392,0.10204081632653061,,,,,
122974.0,335,392,0.8545918367346939,122974.0,Pedro Lucas Fernandes,UNIÃO,MA,Pedro Lucas Fernandes (UNIÃO/MA)
123086.0,119,392,0.30357142857142855,123086.0,Átila Lira,PP,PI,Átila Lira (PP/PI)
123756.0,112,392,0.2857142857142857,123756.0,Antônia Lúcia,REPUBLICANOS,AC,Antônia Lúcia (REPUBLICANOS/AC)
128760.0,102,392,0.2602040816326531,,,,,
129618.0,27,392,0.06887755102040816,,,,,
132504.0,239,392,0.6096938775510204,,,,,
133373.0,1,392,0.002551020408163265,,,,,
133439.0,356,392,0.9081632653061225,133439.0,André Figueiredo,PDT,CE,André Figueiredo (PDT/CE)
133810.0,339,392,0.8647959183673469,133810.0,Marcelo Moraes,PL,RS,Marcelo Moraes (PL/RS)
133968.0,222,392,0.5663265306122449,,,,,
134812.0,109,392,0.2780612244897959,,,,,
135054.0,229,392,0.5841836734693877,,,,,
136811.0,333,392,0.8494897959183674,136811.0,Afonso Hamm,PP,RS,Afonso Hamm (PP/RS)
137070.0,301,392,0.7678571428571429,137070.0,Vicentinho Júnior,PP,TO,Vicentinho Júnior (PP/TO)
138286.0,72,392,0.1836734693877551,138286.0,Luciano Alves,PSD,PR,Luciano Alves (PSD/PR)
139285.0,341,392,0.8698979591836735,139285.0,Lídice da Mata,PSB,BA,Lídice da Mata (PSB/BA)
141335.0,225,392,0.5739795918367347,,,,,
141372.0,111,392,0.28316326530612246,,,,,
141379.0,1,392,0.002551020408163265,,,,,
141391.0,343,392,0.875,141391.0,Arnaldo Jardim,CIDADANIA,SP,Arnaldo Jardim (CIDADANIA/SP)
141398.0,345,392,0.8801020408163265,141398.0,Carlos Zarattini,PT,SP,Carlos Zarattini (PT/SP)
141401.0,163,392,0.41581632653061223,,,,,
141405.0,224,392,0.5714285714285714,,,,,
141408.0,322,392,0.8214285714285714,141408.0,Cleber Verde,MDB,MA,Cleber Verde (MDB/MA)
141411.0,340,392,0.8673469387755102,141411.0,Dagoberto Nogueira,PSDB,MS,Dagoberto Nogueira (PSDB/MS)
141417.0,194,392,0.49489795918367346,,,,,
141421.0,328,392,0.8367346938775511,141421.0,Eduardo da Fonte,PP,PE,Eduardo da Fonte (PP/PE)
141422.0,204,392,0.5204081632653061,,,,,
141427.0,224,392,0.5714285714285714,,,,,
141428.0,41,392,0.10459183673469388,,,,,
141431.0,340,392,0.8673469387755102,141431.0,Fernando Coelho Filho,UNIÃO,PE,Fernando Coelho Filho (UNIÃO/PE)
141434.0,227,392,0.5790816326530612,,,,,
141439.0,225,392,0.5739795918367347,,,,,
141450.0,316,392,0.8061224489795918,141450.0,Hugo Leal,PSD,RJ,Hugo Leal (PSD/RJ)
141456.0,123,392,0.3137755102040816,141456.0,Jilmar Tatto,PT,SP,Jilmar Tatto (PT/SP)
141458.0,322,392,0.8214285714285714,141458.0,João Carlos Bacelar,PL,BA,João Carlos Bacelar (PL/BA)
141459.0,343,392,0.875,141459.0,João Maia,PP,RN,João Maia (PP/RN)
141464.0,338,392,0.8622448979591837,141464.0,José Airton Félix Cirilo,PT,CE,José Airton Félix Cirilo (PT/CE)
141470.0,347,392,0.8852040816326531,141470.0,José Guimarães,PT,CE,José Guimarães (PT/CE)
141478.0,44,392,0.11224489795918367,,,,,
141480.0,124,392,0.3163265306122449,,,,,
141485.0,115,392,0.29336734693877553,141485.0,Luiz Carlos Busato,UNIÃO,RS,Luiz Carlos Busato (UNIÃO/RS)
141487.0,115,392,0.29336734693877553,141487.0,Luiz Fernando Faria,PSD,MG,Luiz Fernando Faria (PSD/MG)
141488.0,231,392,0.5892857142857143,,,,,
141508.0,228,392,0.5816326530612245,,,,,
141513.0,209,392,0.5331632653061225,,,,,
141515.0,67,392,0.17091836734693877,,,,,
141516.0,323,392,0.8239795918367347,141516.0,Paulo Abi-Ackel,PSDB,MG,Paulo Abi-Ackel (PSDB/MG)
141518.0,251,392,0.6403061224489796,141518.0,Paulinho da Força,SOLIDARIEDADE,SP,Paulinho da Força (SOLIDARIEDADE/SP)
141523.0,231,392,0.5892857142857143,,,,,
141531.0,337,392,0.8596938775510204,141531.0,Rodrigo de Castro,UNIÃO,MG,Rodrigo de Castro (UNIÃO/MG)
141533.0,8,392,0.02040816326530612,141533.0,Rodrigo Rollemberg,PSB,DF,Rodrigo Rollemberg (PSB/DF)
141552.0,47,392,0.11989795918367346,,,,,
141553.0,225,392,0.5739795918367347,,,,,
141555.0,322,392,0.8214285714285714,141555.0,Vinicius Carvalho,REPUBLICANOS,SP,Vinicius Carvalho (REPUBLICANOS/SP)
143084.0,238,392,0.6071428571428571,143084.0,Tiago Dimas,PODE,TO,Tiago Dimas (PODE/TO)
143632.0,287,392,0.7321428571428571,143632.0,Domingos Neto,PSD,CE,Domingos Neto (PSD/CE)
143942.0,55,392,0.14030612244897958,143942.0,Caio Vianna,PSD,RJ,Caio Vianna (PSD/RJ)
146307.0,215,392,0.548469387755102,,,,,
146788.0,224,392,0.5714285714285714,,,,,
150418.0,337,392,0.8596938775510204,150418.0,Márcio Marinho,REPUBLICANOS,BA,Márcio Marinho (REPUBLICANOS/BA)
151208.0,218,392,0.5561224489795918,,,,,
152605.0,349,392,0.8903061224489796,152605.0,Glauber Braga,PSOL,RJ,Glauber Braga (PSOL/RJ)
152610.0,213,392,0.5433673469387755,,,,,
153423.0,98,392,0.25,153423.0,Renilce Nicodemos,MDB,PA,Renilce Nicodemos (MDB/PA)
154178.0,230,392,0.5867346938775511,,,,,
154919.0,16,392,0.04081632653061224,,,,,
156190.0,354,392,0.9030612244897959,156190.0,Marcel van Hattem,NOVO,RS,Marcel van Hattem (NOVO/RS)
157130.0,341,392,0.8698979591836735,157130.0,Túlio Gadêlha,REDE,PE,Túlio Gadêlha (REDE/PE)
159237.0,57,392,0.14540816326530612,,,,,
160161.0,118,392,0.3010204081632653,,,,,
160508.0,215,392,0.548469387755102,,,,,
160510.0,279,392,0.7117346938775511,160510.0,Luis Tibé,AVANTE,MG,Luis Tibé (AVANTE/MG)
160511.0,224,392,0.5714285714285714,,,,,
160512.0,335,392,0.8545918367346939,160512.0,Aureo Ribeiro,SOLIDARIEDADE,RJ,Aureo Ribeiro (SOLIDARIEDADE/RJ)
160517.0,139,392,0.35459183673469385,160517.0,Paulo Folletto,PSB,ES,Paulo Folletto (PSB/ES)
160518.0,354,392,0.9030612244897959,160518.0,Weliton Prado,SOLIDARIEDADE,MG,Weliton Prado (SOLIDARIEDADE/MG)
160527.0,306,392,0.7806122448979592,160527.0,Aguinaldo Ribeiro,PP,PB,Aguinaldo Ribeiro (PP/PB)
160528.0,221,392,0.5637755102040817,,,,,
160531.0,224,392,0.5714285714285714,,,,,
160532.0,203,392,0.5178571428571429,,,,,
160534.0,228,392,0.5816326530612245,,,,,
160535.0,340,392,0.8673469387755102,160535.0,Marcon,PT,RS,Marcon (PT/RS)
160538.0,348,392,0.8877551020408163,160538.0,Bohn Gass,PT,RS,Bohn Gass (PT/RS)
160541.0,273,392,0.6964285714285714,160541.0,Arthur Lira,PP,AL,Arthur Lira (PP/AL)
160542.0,33,392,0.08418367346938775,,,,,
160545.0,311,392,0.7933673469387755,,,,,
160548.0,122,392,0.3112244897959184,160548.0,Jonas Donizette,PSB,SP,Jonas Donizette (PSB/SP)
160552.0,216,392,0.5510204081632653,160552.0,Danrlei de Deus Hinterholz,PSD,RS,Danrlei de Deus Hinterholz (PSD/RS)
160553.0,359,392,0.9158163265306123,160553.0,Antonio Brito,PSD,BA,Antonio Brito (PSD/BA)
160556.0,351,392,0.8954081632653061,160556.0,Padre João,PT,MG,Padre João (PT/MG)
160558.0,320,392,0.8163265306122449,160558.0,Paulo Freire Costa,PL,SP,Paulo Freire Costa (PL/SP)
160559.0,339,392,0.8647959183673469,160559.0,Alceu Moreira,MDB,RS,Alceu Moreira (MDB/RS)
160561.0,20,392,0.05102040816326531,,,,,
160569.0,330,392,0.8418367346938775,160569.0,Waldenor Pereira,PT,BA,Waldenor Pereira (PT/BA)
160570.0,210,392,0.5357142857142857,,,,,
160575.0,354,392,0.9030612244897959,160575.0,Erika Kokay,PT,DF,Erika Kokay (PT/DF)
160587.0,228,392,0.5816326530612245,,,,,
160588.0,327,392,0.8341836734693877,160588.0,Diego Andrade,PSD,MG,Diego Andrade (PSD/MG)
160589.0,209,392,0.5331632653061225,,,,,
160591.0,210,392,0.5357142857142857,160591.0,Vinicius Gurgel,PL,AP,Vinicius Gurgel (PL/AP)
160592.0,336,392,0.8571428571428571,160592.0,Zeca Dirceu,PT,PR,Zeca Dirceu (PT/PR)
160598.0,342,392,0.8724489795918368,160598.0,Flávia Morais,PDT,GO,Flávia Morais (PDT/GO)
160599.0,353,392,0.9005102040816326,160599.0,Dimas Fabiano,PP,MG,Dimas Fabiano (PP/MG)
160600.0,309,392,0.7882653061224489,160600.0,Arthur Oliveira Maia,UNIÃO,BA,Arthur Oliveira Maia (UNIÃO/BA)
160601.0,328,392,0.8367346938775511,160601.0,Pr. Marco Feliciano,PL,SP,Pr. Marco Feliciano (PL/SP)
160604.0,334,392,0.8520408163265306,160604.0,Pedro Uczai,PT,SC,Pedro Uczai (PT/SC)
160610.0,343,392,0.875,160610.0,Valmir Assunção,PT,BA,Valmir Assunção (PT/BA)
160619.0,199,392,0.5076530612244898,,,,,
160621.0,62,392,0.15816326530612246,,,,,
160629.0,124,392,0.3163265306122449,160629.0,Romero Rodrigues,PODE,PB,Romero Rodrigues (PODE/PB)
160632.0,325,392,0.8290816326530612,160632.0,Zé Silva,SOLIDARIEDADE,MG,Zé Silva (SOLIDARIEDADE/MG)
160635.0,298,392,0.7602040816326531,160635.0,Ruy Carneiro,PODE,PB,Ruy Carneiro (PODE/PB)
160639.0,218,392,0.5561224489795918,,,,,
160640.0,319,392,0.8137755102040817,160640.0,Eros Biondini,PL,MG,Eros Biondini (PL/MG)
160641.0,240,392,0.6122448979591837,160641.0,Professora Marcivania,PCdoB,AP,Professora Marcivania (PCdoB/AP)
160642.0,324,392,0.826530612244898,160642.0,Pastor Eurico,PL,PE,Pastor Eurico (PL/PE)
160645.0,177,392,0.45153061224489793,,,,,
160651.0,204,392,0.5204081632653061,,,,,
160653.0,229,392,0.5841836734693877,,,,,
160655.0,215,392,0.548469387755102,,,,,
160665.0,346,392,0.8826530612244898,160665.0,Augusto Coutinho,REPUBLICANOS,PE,Augusto Coutinho (REPUBLICANOS/PE)
160666.0,346,392,0.8826530612244898,160666.0,Félix Mendonça Júnior,PDT,BA,Félix Mendonça Júnior (PDT/BA)
160667.0,181,392,0.461734693877551,,,,,
160669.0,208,392,0.5306122448979592,,,,,
160673.0,345,392,0.8801020408163265,160673.0,Giovani Cherini,PL,RS,Giovani Cherini (PL/RS)
160674.0,324,392,0.826530612244898,160674.0,Hugo Motta,REPUBLICANOS,PB,Hugo Motta (REPUBLICANOS/PB)
160758.0,341,392,0.8698979591836735,160758.0,Domingos Sávio,PL,MG,Domingos Sávio (PL/MG)
160976.0,331,392,0.8443877551020408,160976.0,Tiririca,PL,SP,Tiririca (PL/SP)
161440.0,123,392,0.3137755102040816,161440.0,Pezenti,MDB,SC,Pezenti (MDB/SC)
161550.0,317,392,0.8086734693877551,161550.0,Emidinho Madeira,PL,MG,Emidinho Madeira (PL/MG)
162067.0,121,392,0.3086734693877551,162067.0,Kiko Celeguim,PT,SP,Kiko Celeguim (PT/SP)
162332.0,314,392,0.8010204081632653,162332.0,Luiz Nishimori,PSD,PR,Luiz Nishimori (PSD/PR)
163321.0,77,392,0.19642857142857142,163321.0,Ronaldo Nogueira,REPUBLICANOS,RS,Ronaldo Nogueira (REPUBLICANOS/RS)
164359.0,222,392,0.5663265306122449,,,,,
164360.0,248,392,0.6326530612244898,,,,,
165470.0,115,392,0.29336734693877553,165470.0,Rodrigo Valadares,UNIÃO,SE,Rodrigo Valadares (UNIÃO/SE)
166402.0,326,392,0.8316326530612245,166402.0,Magda Mofatto,PRD,GO,Magda Mofatto (PRD/GO)
167614.0,1,392,0.002551020408163265,,,,,
168175.0,1,392,0.002551020408163265,,,,,
171139.0,8,392,0.02040816326530612,,,,,
171617.0,340,392,0.8673469387755102,171617.0,Paulão,PT,AL,Paulão (PT/AL)
171619.0,113,392,0.288265306122449,,,,,
171623.0,269,392,0.6862244897959183,171623.0,Fabio Reis,PSD,SE,Fabio Reis (PSD/SE)
171786.0,109,392,0.2780612244897959,171786.0,Miguel Ângelo,PT,MG,Miguel Ângelo (PT/MG)
175765.0,38,392,0.09693877551020408,175765.0,Ribamar Silva,PSD,SP,Ribamar Silva (PSD/SP)
177282.0,230,392,0.5867346938775511,,,,,
178825.0,138,392,0.3520408163265306,,,,,
178829.0,356,392,0.9081632653061225,178829.0,Capitão Augusto,PL,SP,Capitão Augusto (PL/SP)
178830.0,79,392,0.20153061224489796,,,,,
178831.0,234,392,0.5969387755102041,178831.0,André Abdon,PP,AP,André Abdon (PP/AP)
178832.0,232,392,0.5918367346938775,,,,,
178833.0,106,392,0.27040816326530615,,,,,
178835.0,352,392,0.8979591836734694,178835.0,Afonso Motta,PDT,RS,Afonso Motta (PDT/RS)
178836.0,217,392,0.5535714285714286,,,,,
178839.0,197,392,0.5025510204081632,,,,,
178842.0,105,392,0.26785714285714285,,,,,
178843.0,340,392,0.8673469387755102,178843.0,Marx Beltrão,PP,AL,Marx Beltrão (PP/AL)
178844.0,119,392,0.30357142857142855,,,,,
178854.0,305,392,0.7780612244897959,178854.0,Elmar Nascimento,UNIÃO,BA,Elmar Nascimento (UNIÃO/BA)
178857.0,336,392,0.8571428571428571,178857.0,Jorge Solla,PT,BA,Jorge Solla (PT/BA)
178858.0,335,392,0.8545918367346939,178858.0,Mário Negromonte Jr.,PP,BA,Mário Negromonte Jr. (PP/BA)
178860.0,334,392,0.8520408163265306,178860.0,Paulo Azi,UNIÃO,BA,Paulo Azi (UNIÃO/BA)
178861.0,224,392,0.5714285714285714,,,,,
178862.0,64,392,0.16326530612244897,,,,,
178863.0,209,392,0.5331632653061225,,,,,
178866.0,308,392,0.7857142857142857,178866.0,Luizianne Lins,PT,CE,Luizianne Lins (PT/CE)
178868.0,12,392,0.030612244897959183,,,,,
178871.0,344,392,0.8775510204081632,178871.0,Evair Vieira de Melo,PP,ES,Evair Vieira de Melo (PP/ES)
178873.0,348,392,0.8877551020408163,178873.0,Helder Salomão,PT,ES,Helder Salomão (PT/ES)
178874.0,116,392,0.29591836734693877,,,,,
178876.0,339,392,0.8647959183673469,178876.0,Célio Silveira,MDB,GO,Célio Silveira (MDB/GO)
178879.0,210,392,0.5357142857142857,,,,,
178881.0,329,392,0.8392857142857143,178881.0,Aluisio Mendes,REPUBLICANOS,MA,Aluisio Mendes (REPUBLICANOS/MA)
178882.0,223,392,0.5688775510204082,,,,,
178884.0,259,392,0.6607142857142857,178884.0,Hildo Rocha,MDB,MA,Hildo Rocha (MDB/MA)
178886.0,243,392,0.6198979591836735,178886.0,Juscelino Filho,UNIÃO,MA,Juscelino Filho (UNIÃO/MA)
178887.0,232,392,0.5918367346938775,178887.0,Rubens Pereira Júnior,PT,MA,Rubens Pereira Júnior (PT/MA)
178888.0,20,392,0.05102040816326531,,,,,
178889.0,218,392,0.5561224489795918,,,,,
178895.0,311,392,0.7933673469387755,178895.0,Misael Varella,PSD,MG,Misael Varella (PSD/MG)
178896.0,314,392,0.8010204081632653,178896.0,Newton Cardoso Jr,MDB,MG,Newton Cardoso Jr (MDB/MG)
178901.0,41,392,0.10459183673469388,,,,,
178905.0,28,392,0.07142857142857142,,,,,
178908.0,330,392,0.8418367346938775,178908.0,Delegado Éder Mauro,PL,PA,Delegado Éder Mauro (PL/PA)
178909.0,265,392,0.6760204081632653,,,,,
178910.0,355,392,0.9056122448979592,178910.0,Joaquim Passarinho,PL,PA,Joaquim Passarinho (PL/PA)
178912.0,186,392,0.4744897959183674,,,,,
178916.0,225,392,0.5739795918367347,,,,,
178920.0,207,392,0.5280612244897959,,,,,
178921.0,190,392,0.4846938775510204,,,,,
178922.0,221,392,0.5637755102040817,,,,,
178923.0,1,392,0.002551020408163265,,,,,
178924.0,179,392,0.45663265306122447,,,,,
178925.0,226,392,0.576530612244898,,,,,
178927.0,329,392,0.8392857142857143,178927.0,Aliel Machado,PV,PR,Aliel Machado (PV/PR)
178928.0,234,392,0.5969387755102041,,,,,
178929.0,354,392,0.9030612244897959,178929.0,Diego Garcia,REPUBLICANOS,PR,Diego Garcia (REPUBLICANOS/PR)
178930.0,179,392,0.45663265306122447,,,,,
178931.0,338,392,0.8622448979591837,178931.0,Luciano Ducci,PSB,PR,Luciano Ducci (PSB/PR)
178933.0,332,392,0.8469387755102041,178933.0,Sergio Souza,MDB,PR,Sergio Souza (MDB/PR)
178934.0,320,392,0.8163265306122449,178934.0,Toninho Wandscheer,PP,PR,Toninho Wandscheer (PP/PR)
178935.0,63,392,0.16071428571428573,,,,,
178937.0,213,392,0.5433673469387755,178937.0,Altineu Côrtes,PL,RJ,Altineu Côrtes (PL/RJ)
178939.0,214,392,0.5459183673469388,,,,,
178943.0,166,392,0.42346938775510207,178943.0,Marcos Soares,UNIÃO,RJ,Marcos Soares (UNIÃO/RJ)
178945.0,218,392,0.5561224489795918,,,,,
178946.0,322,392,0.8214285714285714,178946.0,Soraya Santos,PL,RJ,Soraya Santos (PL/RJ)
178947.0,345,392,0.8801020408163265,178947.0,Sóstenes Cavalcante,PL,RJ,Sóstenes Cavalcante (PL/RJ)
178948.0,209,392,0.5331632653061225,,,,,
178951.0,223,392,0.5688775510204082,,,,,
178952.0,222,392,0.5663265306122449,,,,,
178953.0,225,392,0.5739795918367347,,,,,
178954.0,329,392,0.8392857142857143,178954.0,Lucio Mosquini,MDB,RO,Lucio Mosquini (MDB/RO)
178956.0,214,392,0.5459183673469388,,,,,
178959.0,221,392,0.5637755102040817,,,,,
178961.0,207,392,0.5280612244897959,,,,,
178962.0,271,392,0.6913265306122449,,,,,
178963.0,212,392,0.5408163265306123,178963.0,Covatti Filho,PP,RS,Covatti Filho (PP/RS)
178964.0,315,392,0.8035714285714286,178964.0,Heitor Schuch,PSB,RS,Heitor Schuch (PSB/RS)
178966.0,336,392,0.8571428571428571,178966.0,Geovania de Sá,PSDB,SC,Geovania de Sá (PSDB/SC)
178969.0,207,392,0.5280612244897959,,,,,
178970.0,356,392,0.9081632653061225,178970.0,João Daniel,PT,SE,João Daniel (PT/SE)
178972.0,346,392,0.8826530612244898,178972.0,Alex Manente,CIDADANIA,SP,Alex Manente (CIDADANIA/SP)
178975.0,324,392,0.826530612244898,178975.0,Baleia Rossi,MDB,SP,Baleia Rossi (MDB/SP)
178977.0,232,392,0.5918367346938775,,,,,
178981.0,217,392,0.5535714285714286,,,,,
178982.0,40,392,0.10204081632653061,,,,,
178983.0,360,392,0.9183673469387755,178983.0,Marcio Alvino,PL,SP,Marcio Alvino (PL/SP)
178984.0,38,392,0.09693877551020408,,,,,
178985.0,359,392,0.9158163265306123,178985.0,Miguel Lombardi,PL,SP,Miguel Lombardi (PL/SP)
178986.0,341,392,0.8698979591836735,178986.0,Nilto Tatto,PT,SP,Nilto Tatto (PT/SP)
178987.0,340,392,0.8673469387755102,178987.0,Orlando Silva,PCdoB,SP,Orlando Silva (PCdoB/SP)
178989.0,211,392,0.5382653061224489,178989.0,Renata Abreu,PODE,SP,Renata Abreu (PODE/SP)
178990.0,234,392,0.5969387755102041,,,,,
178992.0,344,392,0.8775510204081632,178992.0,Vitor Lippi,PSDB,SP,Vitor Lippi (PSDB/SP)
178993.0,336,392,0.8571428571428571,178993.0,Carlos Henrique Gaguim,UNIÃO,TO,Carlos Henrique Gaguim (UNIÃO/TO)
178994.0,230,392,0.5867346938775511,,,,,
178996.0,230,392,0.5867346938775511,,,,,
178997.0,310,392,0.7908163265306123,178997.0,Moses Rodrigues,UNIÃO,CE,Moses Rodrigues (UNIÃO/CE)
179000.0,235,392,0.5994897959183674,179000.0,Marcelo Álvaro Antônio,PL,MG,Marcelo Álvaro Antônio (PL/MG)
179001.0,346,392,0.8826530612244898,179001.0,Márcio Biolchi,MDB,RS,Márcio Biolchi (MDB/RS)
179587.0,216,392,0.5510204081632653,,,,,
180018.0,1,392,0.002551020408163265,,,,,
180214.0,110,392,0.28061224489795916,180214.0,Pastor Diniz,UNIÃO,RR,Pastor Diniz (UNIÃO/RR)
182146.0,14,392,0.03571428571428571,,,,,
188097.0,290,392,0.7397959183673469,188097.0,Merlong Solano,PT,PI,Merlong Solano (PT/PI)
191923.0,348,392,0.8877551020408163,191923.0,Flávio Nogueira,PT,PI,Flávio Nogueira (PT/PI)
191945.0,9,392,0.02295918367346939,,,,,
193726.0,232,392,0.5918367346938775,,,,,
194260.0,206,392,0.5255102040816326,,,,,
195866.0,185,392,0.4719387755102041,,,,,
196358.0,227,392,0.5790816326530612,,,,,
197438.0,191,392,0.4872448979591837,,,,,
198197.0,289,392,0.7372448979591837,198197.0,Greyce Elias,AVANTE,MG,Greyce Elias (AVANTE/MG)
198783.0,336,392,0.8571428571428571,198783.0,Emanuel Pinheiro Neto,MDB,MT,Emanuel Pinheiro Neto (MDB/MT)
204011.0,1,392,0.002551020408163265,,,,,
204351.0,351,392,0.8954081632653061,204351.0,Dr. Luiz Ovando,PP,MS,Dr. Luiz Ovando (PP/MS)
204352.0,227,392,0.5790816326530612,,,,,
204353.0,227,392,0.5790816326530612,,,,,
204354.0,170,392,0.4336734693877551,,,,,
204355.0,344,392,0.8775510204081632,204355.0,Da Vitoria,PP,ES,Da Vitoria (PP/ES)
204356.0,357,392,0.9107142857142857,204356.0,Amaro Neto,REPUBLICANOS,ES,Amaro Neto (REPUBLICANOS/ES)
204357.0,230,392,0.5867346938775511,,,,,
204358.0,329,392,0.8392857142857143,204358.0,Beto Pereira,PSDB,MS,Beto Pereira (PSDB/MS)
204359.0,225,392,0.5739795918367347,,,,,
204360.0,353,392,0.9005102040816326,204360.0,Silvia Cristina,PP,RO,Silvia Cristina (PP/RO)
204361.0,299,392,0.7627551020408163,,,,,
204362.0,309,392,0.7882653061224489,204362.0,Ricardo Guidi,PL,SC,Ricardo Guidi (PL/SC)
204363.0,215,392,0.548469387755102,,,,,
204364.0,310,392,0.7908163265306123,204364.0,Eli Borges,PL,TO,Eli Borges (PL/TO)
204365.0,355,392,0.9056122448979592,204365.0,Gilson Marques,NOVO,SC,Gilson Marques (NOVO/SC)
204366.0,233,392,0.5943877551020408,,,,,
204367.0,342,392,0.8724489795918368,204367.0,Daniel Freitas,PL,SC,Daniel Freitas (PL/SC)
204368.0,336,392,0.8571428571428571,204368.0,Fabio Schiochet,UNIÃO,SC,Fabio Schiochet (UNIÃO/SC)
204369.0,347,392,0.8852040816326531,204369.0,Caroline de Toni,PL,SC,Caroline de Toni (PL/SC)
204370.0,224,392,0.5714285714285714,,,,,
204371.0,221,392,0.5637755102040817,,,,,
204372.0,313,392,0.798469387755102,204372.0,Julio Cesar Ribeiro,REPUBLICANOS,DF,Julio Cesar Ribeiro (REPUBLICANOS/DF)
204373.0,234,392,0.5969387755102041,,,,,
204374.0,350,392,0.8928571428571429,204374.0,Bia Kicis,PL,DF,Bia Kicis (PL/DF)
204375.0,216,392,0.5510204081632653,,,,,
204376.0,237,392,0.6045918367346939,,,,,
204377.0,226,392,0.576530612244898,,,,,
204378.0,350,392,0.8928571428571429,204378.0,Coronel Chrisóstomo,PL,RO,Coronel Chrisóstomo (PL/RO)
204379.0,301,392,0.7678571428571429,204379.0,Acácio Favacho,MDB,AP,Acácio Favacho (MDB/AP)
204380.0,144,392,0.3673469387755102,,,,,
204381.0,236,392,0.6020408163265306,,,,,
204382.0,211,392,0.5382653061224489,,,,,
204383.0,230,392,0.5867346938775511,,,,,
204384.0,68,392,0.17346938775510204,,,,,
204385.0,191,392,0.4872448979591837,,,,,
204386.0,231,392,0.5892857142857143,,,,,
204387.0,361,392,0.9209183673469388,204387.0,Sargento Fahur,PSD,PR,Sargento Fahur (PSD/PR)
204388.0,352,392,0.8979591836734694,204388.0,Bibo Nunes,PL,RS,Bibo Nunes (PL/RS)
204389.0,232,392,0.5918367346938775,,,,,
204390.0,343,392,0.875,204390.0,Professor Alcides,PL,GO,Professor Alcides (PL/GO)
204391.0,325,392,0.8290816326530612,204391.0,José Nelto,UNIÃO,GO,José Nelto (UNIÃO/GO)
204392.0,226,392,0.576530612244898,,,,,
204393.0,223,392,0.5688775510204082,,,,,
204394.0,353,392,0.9005102040816326,204394.0,Gervásio Maia,PSB,PB,Gervásio Maia (PSB/PB)
204395.0,326,392,0.8316326530612245,204395.0,Pedro Lupion,PP,PR,Pedro Lupion (PP/PR)
204396.0,332,392,0.8469387755102041,204396.0,Vermelho,PP,PR,Vermelho (PP/PR)
204397.0,149,392,0.38010204081632654,,,,,
204398.0,338,392,0.8622448979591837,204398.0,Felipe Francischini,UNIÃO,PR,Felipe Francischini (UNIÃO/PR)
204399.0,123,392,0.3137755102040816,,,,,
204400.0,233,392,0.5943877551020408,,,,,
204403.0,207,392,0.5280612244897959,,,,,
204404.0,349,392,0.8903061224489796,204404.0,Lucas Redecker,PSDB,RS,Lucas Redecker (PSDB/RS)
204405.0,231,392,0.5892857142857143,,,,,
204406.0,346,392,0.8826530612244898,204406.0,Pedro Westphalen,PP,RS,Pedro Westphalen (PP/RS)
204407.0,336,392,0.8571428571428571,204407.0,Fernanda Melchionna,PSOL,RS,Fernanda Melchionna (PSOL/RS)
204408.0,330,392,0.8418367346938775,204408.0,Gustinho Ribeiro,REPUBLICANOS,SE,Gustinho Ribeiro (REPUBLICANOS/SE)
204409.0,351,392,0.8954081632653061,204409.0,Daniel Trzeciak,PSDB,RS,Daniel Trzeciak (PSDB/RS)
204410.0,330,392,0.8418367346938775,204410.0,Luisa Canziani,PSD,PR,Luisa Canziani (PSD/PR)
204411.0,313,392,0.798469387755102,204411.0,Filipe Barros,PL,PR,Filipe Barros (PL/PR)
204412.0,347,392,0.8852040816326531,204412.0,Dr. Zacharias Calil,UNIÃO,GO,Dr. Zacharias Calil (UNIÃO/GO)
204413.0,220,392,0.5612244897959183,,,,,
204414.0,226,392,0.576530612244898,,,,,
204415.0,222,392,0.5663265306122449,,,,,
204416.0,348,392,0.8877551020408163,204416.0,Sanderson,PL,RS,Sanderson (PL/RS)
204418.0,231,392,0.5892857142857143,,,,,
204419.0,322,392,0.8214285714285714,,,,,
204420.0,224,392,0.5714285714285714,,,,,
204421.0,156,392,0.3979591836734694,,,,,
204422.0,316,392,0.8061224489795918,204422.0,Ossesio Silva,REPUBLICANOS,PE,Ossesio Silva (REPUBLICANOS/PE)
204423.0,306,392,0.7806122448979592,204423.0,André Ferreira,PL,PE,André Ferreira (PL/PE)
204425.0,242,392,0.6173469387755102,,,,,
204426.0,349,392,0.8903061224489796,204426.0,Carlos Veras,PT,PE,Carlos Veras (PT/PE)
204427.0,329,392,0.8392857142857143,204427.0,Fernando Rodolfo,PL,PE,Fernando Rodolfo (PL/PE)
204428.0,211,392,0.5382653061224489,,,,,
204429.0,110,392,0.28061224489795916,,,,,
204430.0,228,392,0.5816326530612245,,,,,
204431.0,333,392,0.8494897959183674,204431.0,Marcos Aurélio Sampaio,PSD,PI,Marcos Aurélio Sampaio (PSD/PI)
204432.0,234,392,0.5969387755102041,,,,,
204433.0,172,392,0.4387755102040816,,,,,
204434.0,216,392,0.5510204081632653,,,,,
204435.0,212,392,0.5408163265306123,,,,,
204436.0,269,392,0.6862244897959183,204436.0,Isnaldo Bulhões Jr.,MDB,AL,Isnaldo Bulhões Jr. (MDB/AL)
204437.0,219,392,0.5586734693877551,,,,,
204438.0,203,392,0.5178571428571429,,,,,
204439.0,220,392,0.5612244897959183,,,,,
204440.0,230,392,0.5867346938775511,,,,,
204441.0,337,392,0.8596938775510204,204441.0,Otoni de Paula,MDB,RJ,Otoni de Paula (MDB/RJ)
204442.0,229,392,0.5841836734693877,,,,,
204444.0,343,392,0.875,204444.0,Helio Lopes,PL,RJ,Helio Lopes (PL/RJ)
204445.0,123,392,0.3137755102040816,204445.0,Fernando Mineiro,PT,RN,Fernando Mineiro (PT/RN)
204446.0,226,392,0.576530612244898,,,,,
204447.0,146,392,0.37244897959183676,,,,,
204448.0,258,392,0.6581632653061225,204448.0,Luiz Antonio Corrêa,PP,RJ,Luiz Antonio Corrêa (PP/RJ)
204449.0,268,392,0.6836734693877551,204449.0,Nelson Barbudo,PL,MT,Nelson Barbudo (PL/MT)
204450.0,252,392,0.6428571428571429,204450.0,Doutor Luizinho,PP,RJ,Doutor Luizinho (PP/RJ)
204451.0,233,392,0.5943877551020408,,,,,
204452.0,227,392,0.5790816326530612,,,,,
204453.0,348,392,0.8877551020408163,204453.0,Natália Bonavides,PT,RN,Natália Bonavides (PT/RN)
204454.0,174,392,0.44387755102040816,,,,,
204455.0,359,392,0.9158163265306123,204455.0,Luiz Lima,NOVO,RJ,Luiz Lima (NOVO/RJ)
204456.0,336,392,0.8571428571428571,204456.0,Gutemberg Reis,MDB,RJ,Gutemberg Reis (MDB/RJ)
204457.0,325,392,0.8290816326530612,204457.0,Juninho do Pneu,UNIÃO,RJ,Juninho do Pneu (UNIÃO/RJ)
204458.0,212,392,0.5408163265306123,,,,,
204459.0,302,392,0.7704081632653061,204459.0,Daniela do Waguinho,UNIÃO,RJ,Daniela do Waguinho (UNIÃO/RJ)
204460.0,328,392,0.8367346938775511,204460.0,Carlos Jordy,PL,RJ,Carlos Jordy (PL/RJ)
204461.0,230,392,0.5867346938775511,,,,,
204462.0,301,392,0.7678571428571429,204462.0,Chris Tonietto,PL,RJ,Chris Tonietto (PL/RJ)
204463.0,103,392,0.2627551020408163,,,,,
204464.0,245,392,0.625,204464.0,Talíria Petrone,PSOL,RJ,Talíria Petrone (PSOL/RJ)
204465.0,192,392,0.4897959183673469,,,,,
204466.0,208,392,0.5306122448979592,,,,,
204467.0,230,392,0.5867346938775511,,,,,
204468.0,229,392,0.5841836734693877,,,,,
204469.0,92,392,0.23469387755102042,,,,,
204471.0,226,392,0.576530612244898,,,,,
204472.0,340,392,0.8673469387755102,204472.0,José Medeiros,PL,MT,José Medeiros (PL/MT)
204473.0,339,392,0.8647959183673469,204473.0,General Girão,PL,RN,General Girão (PL/RN)
204474.0,302,392,0.7704081632653061,204474.0,Juarez Costa,MDB,MT,Juarez Costa (MDB/MT)
204475.0,187,392,0.4770408163265306,,,,,
204476.0,266,392,0.6785714285714286,,,,,
204477.0,230,392,0.5867346938775511,,,,,
204478.0,179,392,0.45663265306122447,,,,,
204479.0,332,392,0.8469387755102041,204479.0,Nicoletti,UNIÃO,RR,Nicoletti (UNIÃO/RR)
204480.0,353,392,0.9005102040816326,204480.0,Rogério Correia,PT,MG,Rogério Correia (PT/MG)
204481.0,318,392,0.8112244897959183,204481.0,Dr. Jaziel,PL,CE,Dr. Jaziel (PL/CE)
204482.0,298,392,0.7602040816326531,204482.0,Euclydes Pettersen,REPUBLICANOS,MG,Euclydes Pettersen (REPUBLICANOS/MG)
204483.0,231,392,0.5892857142857143,,,,,
204484.0,233,392,0.5943877551020408,,,,,
204485.0,354,392,0.9030612244897959,204485.0,Luiz Carlos Motta,PL,SP,Luiz Carlos Motta (PL/SP)
204486.0,312,392,0.7959183673469388,204486.0,Mauro Benevides Filho,PDT,CE,Mauro Benevides Filho (PDT/CE)
204487.0,179,392,0.45663265306122447,,,,,
204488.0,337,392,0.8596938775510204,204488.0,Célio Studart,PSD,CE,Célio Studart (PSD/CE)
204489.0,273,392,0.6964285714285714,204489.0,Robério Monteiro,PDT,CE,Robério Monteiro (PDT/CE)
204490.0,229,392,0.5841836734693877,,,,,
204491.0,344,392,0.8775510204081632,204491.0,Gilberto Abramo,REPUBLICANOS,MG,Gilberto Abramo (REPUBLICANOS/MG)
204492.0,343,392,0.875,204492.0,Paulo Guedes,PT,MG,Paulo Guedes (PT/MG)
204494.0,303,392,0.7729591836734694,204494.0,Fred Costa,PRD,MG,Fred Costa (PRD/MG)
204495.0,336,392,0.8571428571428571,204495.0,Airton Faleiro,PT,PA,Airton Faleiro (PT/PA)
204496.0,253,392,0.6454081632653061,,,,,
204497.0,352,392,0.8979591836734694,204497.0,Júnior Ferrari,PSD,PA,Júnior Ferrari (PSD/PA)
204498.0,319,392,0.8137755102040817,204498.0,Olival Marques,MDB,PA,Olival Marques (MDB/PA)
204499.0,226,392,0.576530612244898,,,,,
204500.0,229,392,0.5841836734693877,,,,,
204501.0,341,392,0.8698979591836735,204501.0,Alencar Santana,PT,SP,Alencar Santana (PT/SP)
204502.0,220,392,0.5612244897959183,,,,,
204503.0,232,392,0.5918367346938775,,,,,
204504.0,330,392,0.8418367346938775,204504.0,Cezinha de Madureira,PSD,SP,Cezinha de Madureira (PSD/SP)
204505.0,219,392,0.5586734693877551,,,,,
204506.0,303,392,0.7729591836734694,204506.0,Marcos Pereira,REPUBLICANOS,SP,Marcos Pereira (REPUBLICANOS/SP)
204507.0,301,392,0.7678571428571429,204507.0,Carla Zambelli,PL,SP,Carla Zambelli (PL/SP)
204508.0,322,392,0.8214285714285714,204508.0,Igor Timo,PSD,MG,Igor Timo (PSD/MG)
204509.0,161,392,0.4107142857142857,,,,,
204510.0,229,392,0.5841836734693877,,,,,
204511.0,315,392,0.8035714285714286,204511.0,David Soares,UNIÃO,SP,David Soares (UNIÃO/SP)
204512.0,341,392,0.8698979591836735,204512.0,Delegado Marcelo Freitas,UNIÃO,MG,Delegado Marcelo Freitas (UNIÃO/MG)
204513.0,229,392,0.5841836734693877,,,,,
204514.0,228,392,0.5816326530612245,,,,,
204515.0,330,392,0.8418367346938775,204515.0,André Janones,AVANTE,MG,André Janones (AVANTE/MG)
204516.0,233,392,0.5943877551020408,,,,,
204517.0,323,392,0.8239795918367347,204517.0,Zé Vitor,PL,MG,Zé Vitor (PL/MG)
204518.0,337,392,0.8596938775510204,204518.0,Dr. Frederico,PRD,MG,Dr. Frederico (PRD/MG)
204519.0,229,392,0.5841836734693877,,,,,
204520.0,332,392,0.8469387755102041,204520.0,Junio Amaral,PL,MG,Junio Amaral (PL/MG)
204521.0,227,392,0.5790816326530612,,,,,
204522.0,266,392,0.6785714285714286,,,,,
204523.0,229,392,0.5841836734693877,,,,,
204524.0,351,392,0.8954081632653061,204524.0,Pinheirinho,PP,MG,Pinheirinho (PP/MG)
204525.0,351,392,0.8954081632653061,204525.0,Rosana Valle,PL,SP,Rosana Valle (PL/SP)
204526.0,348,392,0.8877551020408163,204526.0,Luiz Philippe de Orleans e Bragança,PL,SP,Luiz Philippe de Orleans e Bragança (PL/SP)
204527.0,201,392,0.5127551020408163,,,,,
204528.0,350,392,0.8928571428571429,204528.0,Adriana Ventura,NOVO,SP,Adriana Ventura (NOVO/SP)
204529.0,223,392,0.5688775510204082,,,,,
204530.0,230,392,0.5867346938775511,,,,,
204531.0,229,392,0.5841836734693877,,,,,
204532.0,233,392,0.5943877551020408,,,,,
204533.0,308,392,0.7857142857142857,,,,,
204534.0,342,392,0.8724489795918368,204534.0,Tabata Amaral,PSB,SP,Tabata Amaral (PSB/SP)
204535.0,322,392,0.8214285714285714,204535.0,Sâmia Bomfim,PSOL,SP,Sâmia Bomfim (PSOL/SP)
204536.0,340,392,0.8673469387755102,204536.0,Kim Kataguiri,UNIÃO,SP,Kim Kataguiri (UNIÃO/SP)
204537.0,217,392,0.5535714285714286,,,,,
204538.0,209,392,0.5331632653061225,,,,,
204539.0,274,392,0.6989795918367347,204539.0,Hercílio Coelho Diniz,MDB,MG,Hercílio Coelho Diniz (MDB/MG)
204540.0,324,392,0.826530612244898,204540.0,Maria Rosas,REPUBLICANOS,SP,Maria Rosas (REPUBLICANOS/SP)
204541.0,303,392,0.7729591836734694,,,,,
204542.0,219,392,0.5586734693877551,,,,,
204544.0,210,392,0.5357142857142857,,,,,
204545.0,228,392,0.5816326530612245,,,,,
204546.0,206,392,0.5255102040816326,,,,,
204547.0,197,392,0.5025510204081632,,,,,
204548.0,226,392,0.576530612244898,,,,,
204549.0,335,392,0.8545918367346939,204549.0,AJ Albuquerque,PP,CE,AJ Albuquerque (PP/CE)
204550.0,290,392,0.7397959183673469,204550.0,Júnior Mano,PSB,CE,Júnior Mano (PSB/CE)
204551.0,215,392,0.548469387755102,,,,,
204552.0,115,392,0.29336734693877553,,,,,
204553.0,339,392,0.8647959183673469,204553.0,Pastor Sargento Isidório,AVANTE,BA,Pastor Sargento Isidório (AVANTE/BA)
204554.0,216,392,0.5510204081632653,,,,,
204555.0,230,392,0.5867346938775511,,,,,
204556.0,220,392,0.5612244897959183,,,,,
204557.0,354,392,0.9030612244897959,204557.0,Sidney Leite,PSD,AM,Sidney Leite (PSD/AM)
204558.0,220,392,0.5612244897959183,,,,,
204559.0,324,392,0.826530612244898,204559.0,Zé Neto,PT,BA,Zé Neto (PT/BA)
204560.0,305,392,0.7780612244897959,204560.0,Adolfo Viana,PSDB,BA,Adolfo Viana (PSDB/BA)
204561.0,229,392,0.5841836734693877,,,,,
204562.0,225,392,0.5739795918367347,,,,,
204563.0,240,392,0.6122448979591837,204563.0,Josimar Maranhãozinho,PL,MA,Josimar Maranhãozinho (PL/MA)
204564.0,191,392,0.4872448979591837,,,,,
204565.0,215,392,0.548469387755102,,,,,
204566.0,297,392,0.7576530612244898,204566.0,Marreca Filho,PRD,MA,Marreca Filho (PRD/MA)
204567.0,334,392,0.8520408163265306,204567.0,Raimundo Costa,PODE,BA,Raimundo Costa (PODE/BA)
204569.0,223,392,0.5688775510204082,,,,,
204570.0,306,392,0.7806122448979592,204570.0,Pastor Gil,PL,MA,Pastor Gil (PL/MA)
204571.0,335,392,0.8545918367346939,204571.0,Alex Santana,REPUBLICANOS,BA,Alex Santana (REPUBLICANOS/BA)
204572.0,348,392,0.8877551020408163,204572.0,Capitão Alberto Neto,PL,AM,Capitão Alberto Neto (PL/AM)
204573.0,351,392,0.8954081632653061,204573.0,Otto Alencar Filho,PSD,BA,Otto Alencar Filho (PSD/BA)
204574.0,235,392,0.5994897959183674,204574.0,Junior Lourenço,PL,MA,Junior Lourenço (PL/MA)
204575.0,220,392,0.5612244897959183,,,,,
204576.0,156,392,0.3979591836734694,,,,,
205476.0,346,392,0.8826530612244898,205476.0,Charles Fernandes,PSD,BA,Charles Fernandes (PSD/BA)
205535.0,74,392,0.18877551020408162,,,,,
205548.0,199,392,0.5076530612244898,,,,,
205550.0,348,392,0.8877551020408163,205550.0,Jorge Braz,REPUBLICANOS,RJ,Jorge Braz (REPUBLICANOS/RJ)
205863.0,175,392,0.44642857142857145,,,,,
205865.0,257,392,0.6556122448979592,205865.0,Reinhold Stephanes,PSD,PR,Reinhold Stephanes (PSD/PR)
206018.0,108,392,0.2755102040816326,206018.0,Célia Xakriabá,PSOL,MG,Célia Xakriabá (PSOL/MG)
206231.0,186,392,0.4744897959183674,,,,,
207176.0,190,392,0.4846938775510204,,,,,
207309.0,100,392,0.25510204081632654,,,,,
208297.0,15,392,0.03826530612244898,,,,,
209189.0,338,392,0.8622448979591837,209189.0,Joseildo Ramos,PT,BA,Joseildo Ramos (PT/BA)
209787.0,118,392,0.3010204081632653,209787.0,Nikolas Ferreira,PL,MG,Nikolas Ferreira (PL/MG)
210989.0,107,392,0.2729591836734694,210989.0,Bruno Farias,AVANTE,MG,Bruno Farias (AVANTE/MG)
211498.0,1,392,0.002551020408163265,,,,,
211866.0,14,392,0.03571428571428571,,,,,
212504.0,11,392,0.02806122448979592,,,,,
212625.0,64,392,0.16326530612244897,,,,,
212749.0,91,392,0.23214285714285715,,,,,
213274.0,275,392,0.701530612244898,,,,,
213679.0,43,392,0.1096938775510204,,,,,
213762.0,217,392,0.5535714285714286,213762.0,Carla Dickson,UNIÃO,RN,Carla Dickson (UNIÃO/RN)
213854.0,30,392,0.07653061224489796,,,,,
213856.0,31,392,0.07908163265306123,,,,,
214445.0,28,392,0.07142857142857142,,,,,
214477.0,44,392,0.11224489795918367,,,,,
214694.0,135,392,0.34438775510204084,214694.0,Jorge Goetten,REPUBLICANOS,SC,Jorge Goetten (REPUBLICANOS/SC)
214865.0,16,392,0.04081632653061224,,,,,
215042.0,110,392,0.28061224489795916,,,,,
215043.0,221,392,0.5637755102040817,215043.0,Josivaldo JP,PSD,MA,Josivaldo JP (PSD/MA)
215044.0,114,392,0.29081632653061223,,,,,
215045.0,97,392,0.24744897959183673,,,,,
215361.0,2,392,0.00510204081632653,,,,,
216198.0,8,392,0.02040816326530612,,,,,
216313.0,9,392,0.02295918367346939,,,,,
216544.0,45,392,0.11479591836734694,,,,,
216545.0,11,392,0.02806122448979592,,,,,
217036.0,15,392,0.03826530612244898,,,,,
217330.0,39,392,0.09948979591836735,,,,,
217480.0,93,392,0.2372448979591837,,,,,
218086.0,105,392,0.26785714285714285,218086.0,Ely Santos,REPUBLICANOS,SP,Ely Santos (REPUBLICANOS/SP)
218245.0,33,392,0.08418367346938775,,,,,
218741.0,20,392,0.05102040816326531,,,,,
218879.0,27,392,0.06887755102040816,,,,,
219568.0,11,392,0.02806122448979592,,,,,
219585.0,102,392,0.2602040816326531,,,,,
219592.0,11,392,0.02806122448979592,,,,,
219599.0,11,392,0.02806122448979592,,,,,
219920.0,1,392,0.002551020408163265,,,,,
220008.0,29,392,0.07397959183673469,,,,,
220526.0,111,392,0.28316326530612246,220526.0,Gilvan da Federal,PL,ES,Gilvan da Federal (PL/ES)
220527.0,124,392,0.3163265306122449,220527.0,Jack Rocha,PT,ES,Jack Rocha (PT/ES)
220528.0,112,392,0.2857142857142857,220528.0,Dr. Victor Linhalis,PODE,ES,Dr. Victor Linhalis (PODE/ES)
220529.0,124,392,0.3163265306122449,220529.0,Gilson Daniel,PODE,ES,Gilson Daniel (PODE/ES)
220530.0,123,392,0.3137755102040816,220530.0,Messias Donato,REPUBLICANOS,ES,Messias Donato (REPUBLICANOS/ES)
220531.0,109,392,0.2780612244897959,,,,,
220532.0,119,392,0.30357142857142855,220532.0,Rafael Prudente,MDB,DF,Rafael Prudente (MDB/DF)
220533.0,118,392,0.3010204081632653,220533.0,Prof. Reginaldo Veras,PV,DF,Prof. Reginaldo Veras (PV/DF)
220534.0,123,392,0.3137755102040816,220534.0,Fred Linhares,REPUBLICANOS,DF,Fred Linhares (REPUBLICANOS/DF)
220536.0,115,392,0.29336734693877553,220536.0,Zé Haroldo Cathedral,PSD,RR,Zé Haroldo Cathedral (PSD/RR)
220537.0,100,392,0.25510204081632654,220537.0,Helena Lima,MDB,RR,Helena Lima (MDB/RR)
220538.0,113,392,0.288265306122449,220538.0,Albuquerque,REPUBLICANOS,RR,Albuquerque (REPUBLICANOS/RR)
220539.0,113,392,0.288265306122449,220539.0,Defensor Stélio Dener,REPUBLICANOS,RR,Defensor Stélio Dener (REPUBLICANOS/RR)
220540.0,112,392,0.2857142857142857,220540.0,Duda Ramos,MDB,RR,Duda Ramos (MDB/RR)
220542.0,101,392,0.2576530612244898,220542.0,Alexandre Guimarães,MDB,TO,Alexandre Guimarães (MDB/TO)
220543.0,124,392,0.3163265306122449,220543.0,Ricardo Ayres,REPUBLICANOS,TO,Ricardo Ayres (REPUBLICANOS/TO)
220544.0,115,392,0.29336734693877553,220544.0,Antonio Andrade,REPUBLICANOS,TO,Antonio Andrade (REPUBLICANOS/TO)
220545.0,124,392,0.3163265306122449,220545.0,Filipe Martins,PL,TO,Filipe Martins (PL/TO)
220546.0,124,392,0.3163265306122449,220546.0,Rodolfo Nogueira,PL,MS,Rodolfo Nogueira (PL/MS)
220547.0,120,392,0.30612244897959184,220547.0,Marcos Pollon,PL,MS,Marcos Pollon (PL/MS)
220548.0,118,392,0.3010204081632653,220548.0,Camila Jara,PT,MS,Camila Jara (PT/MS)
220549.0,120,392,0.30612244897959184,220549.0,Any Ortiz,CIDADANIA,RS,Any Ortiz (CIDADANIA/RS)
220550.0,123,392,0.3137755102040816,220550.0,Mauricio Marcon,PODE,RS,Mauricio Marcon (PODE/RS)
220551.0,113,392,0.288265306122449,220551.0,Franciane Bayer,REPUBLICANOS,RS,Franciane Bayer (REPUBLICANOS/RS)
220552.0,123,392,0.3137755102040816,220552.0,Zucco,PL,RS,Zucco (PL/RS)
220553.0,121,392,0.3086734693877551,220553.0,Denise Pessôa,PT,RS,Denise Pessôa (PT/RS)
220554.0,113,392,0.288265306122449,220554.0,Alexandre Lindenmeyer,PT,RS,Alexandre Lindenmeyer (PT/RS)
220555.0,108,392,0.2755102040816326,220555.0,Daiana Santos,PCdoB,RS,Daiana Santos (PCdoB/RS)
220556.0,120,392,0.30612244897959184,220556.0,Ana Paula Lima,PT,SC,Ana Paula Lima (PT/SC)
220557.0,123,392,0.3137755102040816,220557.0,Daniela Reinehr,PL,SC,Daniela Reinehr (PL/SC)
220558.0,120,392,0.30612244897959184,220558.0,Zé Trovão,PL,SC,Zé Trovão (PL/SC)
220559.0,107,392,0.2729591836734694,220559.0,Julia Zanatta,PL,SC,Julia Zanatta (PL/SC)
220560.0,108,392,0.2755102040816326,220560.0,Thiago de Joaldo,PP,SE,Thiago de Joaldo (PP/SE)
220561.0,116,392,0.29591836734693877,220561.0,Delegada Katarina,PSD,SE,Delegada Katarina (PSD/SE)
220563.0,98,392,0.25,220563.0,Icaro de Valmir,PL,SE,Icaro de Valmir (PL/SE)
220564.0,88,392,0.22448979591836735,220564.0,Yandra Moura,UNIÃO,SE,Yandra Moura (UNIÃO/SE)
220565.0,118,392,0.3010204081632653,220565.0,Delegada Adriana Accorsi,PT,GO,Delegada Adriana Accorsi (PT/GO)
220566.0,110,392,0.28061224489795916,220566.0,Lêda Borges,PSDB,GO,Lêda Borges (PSDB/GO)
220567.0,97,392,0.24744897959183673,220567.0,Jeferson Rodrigues,REPUBLICANOS,GO,Jeferson Rodrigues (REPUBLICANOS/GO)
220568.0,117,392,0.29846938775510207,220568.0,Gustavo Gayer,PL,GO,Gustavo Gayer (PL/GO)
220569.0,112,392,0.2857142857142857,220569.0,Silvye Alves,UNIÃO,GO,Silvye Alves (UNIÃO/GO)
220570.0,114,392,0.29081632653061223,220570.0,Dr. Ismael Alexandrino,PSD,GO,Dr. Ismael Alexandrino (PSD/GO)
220571.0,124,392,0.3163265306122449,220571.0,Daniel Agrobom,PL,GO,Daniel Agrobom (PL/GO)
220572.0,122,392,0.3112244897959184,220572.0,Marussa Boldrin,MDB,GO,Marussa Boldrin (MDB/GO)
220573.0,99,392,0.25255102040816324,220573.0,Dorinaldo Malafaia,PDT,AP,Dorinaldo Malafaia (PDT/AP)
220574.0,124,392,0.3163265306122449,220574.0,Cabo Gilberto Silva,PL,PB,Cabo Gilberto Silva (PL/PB)
220575.0,76,392,0.19387755102040816,,,,,
220576.0,124,392,0.3163265306122449,220576.0,Alfredo Gaspar,UNIÃO,AL,Alfredo Gaspar (UNIÃO/AL)
220577.0,104,392,0.2653061224489796,,,,,
220578.0,124,392,0.3163265306122449,220578.0,Josenildo,PDT,AP,Josenildo (PDT/AP)
220579.0,109,392,0.2780612244897959,,,,,
220580.0,100,392,0.25510204081632654,,,,,
220581.0,121,392,0.3086734693877551,220581.0,Luciano Amaral,PSD,AL,Luciano Amaral (PSD/AL)
220582.0,99,392,0.25255102040816324,220582.0,Daniel Barbosa,PP,AL,Daniel Barbosa (PP/AL)
220583.0,123,392,0.3137755102040816,220583.0,Delegado Fabio Costa,PP,AL,Delegado Fabio Costa (PP/AL)
220584.0,111,392,0.28316326530612246,220584.0,Murilo Galdino,REPUBLICANOS,PB,Murilo Galdino (REPUBLICANOS/PB)
220585.0,103,392,0.2627551020408163,220585.0,Mersinho Lucena,PP,PB,Mersinho Lucena (PP/PB)
220586.0,114,392,0.29081632653061223,220586.0,Rafael Brito,MDB,AL,Rafael Brito (MDB/AL)
220587.0,85,392,0.21683673469387754,,,,,
220588.0,115,392,0.29336734693877553,220588.0,Roberto Duarte,REPUBLICANOS,AC,Roberto Duarte (REPUBLICANOS/AC)
220589.0,102,392,0.2602040816326531,220589.0,Eduardo Velloso,UNIÃO,AC,Eduardo Velloso (UNIÃO/AC)
220590.0,118,392,0.3010204081632653,220590.0,Coronel Ulysses,UNIÃO,AC,Coronel Ulysses (UNIÃO/AC)
220591.0,113,392,0.288265306122449,220591.0,Meire Serafim,UNIÃO,AC,Meire Serafim (UNIÃO/AC)
220592.0,110,392,0.28061224489795916,220592.0,Zezinho Barbary,PP,AC,Zezinho Barbary (PP/AC)
220593.0,74,392,0.18877551020408162,,,,,
220594.0,122,392,0.3112244897959184,220594.0,Coronel Assis,UNIÃO,MT,Coronel Assis (UNIÃO/MT)
220595.0,111,392,0.28316326530612246,220595.0,Coronel Fernanda,PL,MT,Coronel Fernanda (PL/MT)
220596.0,60,392,0.15306122448979592,,,,,
220597.0,118,392,0.3010204081632653,220597.0,Thiago Flores,REPUBLICANOS,RO,Thiago Flores (REPUBLICANOS/RO)
220598.0,119,392,0.30357142857142855,220598.0,Tarcísio Motta,PSOL,RJ,Tarcísio Motta (PSOL/RJ)
220599.0,121,392,0.3086734693877551,220599.0,Marcelo Crivella,REPUBLICANOS,RJ,Marcelo Crivella (REPUBLICANOS/RJ)
220600.0,103,392,0.2627551020408163,,,,,
220601.0,64,392,0.16326530612244897,,,,,
220602.0,123,392,0.3137755102040816,220602.0,Dimas Gadelha,PT,RJ,Dimas Gadelha (PT/RJ)
220603.0,103,392,0.2627551020408163,220603.0,Dani Cunha,UNIÃO,RJ,Dani Cunha (UNIÃO/RJ)
220604.0,112,392,0.2857142857142857,220604.0,Marcos Tavares,PDT,RJ,Marcos Tavares (PDT/RJ)
220605.0,120,392,0.30612244897959184,220605.0,Bandeira de Mello,PSB,RJ,Bandeira de Mello (PSB/RJ)
220606.0,117,392,0.29846938775510207,220606.0,Reimont,PT,RJ,Reimont (PT/RJ)
220607.0,122,392,0.3112244897959184,220607.0,Max Lemos,PDT,RJ,Max Lemos (PDT/RJ)
220608.0,120,392,0.30612244897959184,220608.0,Cristiane Lopes,UNIÃO,RO,Cristiane Lopes (UNIÃO/RO)
220609.0,118,392,0.3010204081632653,220609.0,Maurício Carvalho,UNIÃO,RO,Maurício Carvalho (UNIÃO/RO)
220610.0,113,392,0.288265306122449,220610.0,Dr. Fernando Máximo,UNIÃO,RO,Dr. Fernando Máximo (UNIÃO/RO)
220611.0,117,392,0.29846938775510207,220611.0,General Pazuello,PL,RJ,General Pazuello (PL/RJ)
220612.0,124,392,0.3163265306122449,220612.0,Bebeto,PP,RJ,Bebeto (PP/RJ)
220613.0,118,392,0.3010204081632653,220613.0,Roberto Monteiro Pai,PL,RJ,Roberto Monteiro Pai (PL/RJ)
220614.0,44,392,0.11224489795918367,,,,,
220615.0,122,392,0.3112244897959184,220615.0,Pastor Henrique Vieira,PSOL,RJ,Pastor Henrique Vieira (PSOL/RJ)
220616.0,111,392,0.28316326530612246,220616.0,Luciano Vieira,REPUBLICANOS,RJ,Luciano Vieira (REPUBLICANOS/RJ)
220617.0,120,392,0.30612244897959184,220617.0,Murillo Gouvea,UNIÃO,RJ,Murillo Gouvea (UNIÃO/RJ)
220618.0,110,392,0.28061224489795916,220618.0,Sargento Portugal,PODE,RJ,Sargento Portugal (PODE/RJ)
220619.0,124,392,0.3163265306122449,220619.0,Delegado Ramagem,PL,RJ,Delegado Ramagem (PL/RJ)
220620.0,115,392,0.29336734693877553,220620.0,Rosângela Reis,PL,MG,Rosângela Reis (PL/MG)
220621.0,124,392,0.3163265306122449,220621.0,Sargento Gonçalves,PL,RN,Sargento Gonçalves (PL/RN)
220622.0,123,392,0.3137755102040816,220622.0,Nely Aquino,PODE,MG,Nely Aquino (PODE/MG)
220623.0,101,392,0.2576530612244898,220623.0,Duda Salabert,PDT,MG,Duda Salabert (PDT/MG)
220624.0,120,392,0.30612244897959184,220624.0,Robinson Faria,PP,RN,Robinson Faria (PP/RN)
220625.0,107,392,0.2729591836734694,220625.0,Delegada Ione,AVANTE,MG,Delegada Ione (AVANTE/MG)
220626.0,120,392,0.30612244897959184,220626.0,Rafael Simoes,UNIÃO,MG,Rafael Simoes (UNIÃO/MG)
220627.0,75,392,0.1913265306122449,,,,,
220628.0,113,392,0.288265306122449,220628.0,Mauricio do Vôlei,PL,MG,Mauricio do Vôlei (PL/MG)
220629.0,113,392,0.288265306122449,220629.0,Dandara,PT,MG,Dandara (PT/MG)
220630.0,118,392,0.3010204081632653,220630.0,Pedro Aihara,PRD,MG,Pedro Aihara (PRD/MG)
220631.0,120,392,0.30612244897959184,220631.0,Samuel Viana,REPUBLICANOS,MG,Samuel Viana (REPUBLICANOS/MG)
220632.0,119,392,0.30357142857142855,220632.0,Ana Pimentel,PT,MG,Ana Pimentel (PT/MG)
220633.0,106,392,0.27040816326530615,220633.0,Ricardo Salles,NOVO,SP,Ricardo Salles (NOVO/SP)
220634.0,43,392,0.1096938775510204,,,,,
220635.0,113,392,0.288265306122449,220635.0,Bruno Ganem,PODE,SP,Bruno Ganem (PODE/SP)
220637.0,1,392,0.002551020408163265,,,,,
220638.0,124,392,0.3163265306122449,220638.0,Antonio Carlos Rodrigues,PL,SP,Antonio Carlos Rodrigues (PL/SP)
220639.0,120,392,0.30612244897959184,220639.0,Guilherme Boulos,PSOL,SP,Guilherme Boulos (PSOL/SP)
220640.0,115,392,0.29336734693877553,220640.0,Juliana Cardoso,PT,SP,Juliana Cardoso (PT/SP)
220641.0,119,392,0.30357142857142855,220641.0,Rodrigo Gambale,PODE,SP,Rodrigo Gambale (PODE/SP)
220642.0,58,392,0.14795918367346939,220642.0,Delegado Bruno Lima,PP,SP,Delegado Bruno Lima (PP/SP)
220644.0,117,392,0.29846938775510207,220644.0,Rosangela Moro,UNIÃO,SP,Rosangela Moro (UNIÃO/SP)
220645.0,98,392,0.25,220645.0,Erika Hilton,PSOL,SP,Erika Hilton (PSOL/SP)
220646.0,76,392,0.19387755102040816,220646.0,Felipe Becari,UNIÃO,SP,Felipe Becari (UNIÃO/SP)
220647.0,102,392,0.2602040816326531,220647.0,Mauricio Neves,PP,SP,Mauricio Neves (PP/SP)
220648.0,112,392,0.2857142857142857,220648.0,Marangoni,UNIÃO,SP,Marangoni (UNIÃO/SP)
220649.0,107,392,0.2729591836734694,220649.0,Delegado da Cunha,PP,SP,Delegado da Cunha (PP/SP)
220650.0,109,392,0.2780612244897959,220650.0,Paulo Alexandre Barbosa,PSDB,SP,Paulo Alexandre Barbosa (PSDB/SP)
220651.0,104,392,0.2653061224489796,220651.0,Simone Marquetto,MDB,SP,Simone Marquetto (MDB/SP)
220652.0,119,392,0.30357142857142855,220652.0,Delegado Palumbo,MDB,SP,Delegado Palumbo (MDB/SP)
220653.0,118,392,0.3010204081632653,220653.0,Fábio Teruel,MDB,SP,Fábio Teruel (MDB/SP)
220654.0,121,392,0.3086734693877551,220654.0,Delegado Paulo Bilynskyj,PL,SP,Delegado Paulo Bilynskyj (PL/SP)
220655.0,118,392,0.3010204081632653,220655.0,Mario Frias,PL,SP,Mario Frias (PL/SP)
220656.0,116,392,0.29591836734693877,220656.0,Fernanda Pessoa,UNIÃO,CE,Fernanda Pessoa (UNIÃO/CE)
220657.0,109,392,0.2780612244897959,220657.0,André Fernandes,PL,CE,André Fernandes (PL/CE)
220658.0,119,392,0.30357142857142855,220658.0,Luiz Gastão,PSD,CE,Luiz Gastão (PSD/CE)
220659.0,105,392,0.26785714285714285,220659.0,Dayany Bittencourt,UNIÃO,CE,Dayany Bittencourt (UNIÃO/CE)
220660.0,102,392,0.2602040816326531,220660.0,Yury do Paredão,MDB,CE,Yury do Paredão (MDB/CE)
220661.0,113,392,0.288265306122449,220661.0,Matheus Noronha,PL,CE,Matheus Noronha (PL/CE)
220662.0,122,392,0.3112244897959184,220662.0,Lucas Ramos,PSB,PE,Lucas Ramos (PSB/PE)
220663.0,114,392,0.29081632653061223,220663.0,Eriberto Medeiros,PSB,PE,Eriberto Medeiros (PSB/PE)
220664.0,117,392,0.29846938775510207,220664.0,Guilherme Uchoa,PSB,PE,Guilherme Uchoa (PSB/PE)
220665.0,104,392,0.2653061224489796,220665.0,Clarissa Tércio,PP,PE,Clarissa Tércio (PP/PE)
220666.0,122,392,0.3112244897959184,220666.0,Coronel Meira,PL,PE,Coronel Meira (PL/PE)
220667.0,112,392,0.2857142857142857,220667.0,Pedro Campos,PSB,PE,Pedro Campos (PSB/PE)
220668.0,106,392,0.27040816326530615,220668.0,Maria Arraes,SOLIDARIEDADE,PE,Maria Arraes (SOLIDARIEDADE/PE)
220669.0,111,392,0.28316326530612246,220669.0,Lula da Fonte,PP,PE,Lula da Fonte (PP/PE)
220670.0,113,392,0.288265306122449,220670.0,Iza Arruda,MDB,PE,Iza Arruda (MDB/PE)
220671.0,120,392,0.30612244897959184,220671.0,Dilvanda Faro,PT,PA,Dilvanda Faro (PT/PA)
220672.0,111,392,0.28316326530612246,220672.0,Henderson Pinto,MDB,PA,Henderson Pinto (MDB/PA)
220673.0,122,392,0.3112244897959184,220673.0,Delegado Caveira,PL,PA,Delegado Caveira (PL/PA)
220674.0,108,392,0.2755102040816326,220674.0,Dra. Alessandra Haber,MDB,PA,Dra. Alessandra Haber (MDB/PA)
220675.0,110,392,0.28061224489795916,220675.0,Antônio Doido,MDB,PA,Antônio Doido (MDB/PA)
220676.0,97,392,0.24744897959183673,220676.0,Andreia Siqueira,MDB,PA,Andreia Siqueira (MDB/PA)
220677.0,120,392,0.30612244897959184,220677.0,Keniston Braga,MDB,PA,Keniston Braga (MDB/PA)
220681.0,86,392,0.2193877551020408,220681.0,Fábio Macedo,PODE,MA,Fábio Macedo (PODE/MA)
220682.0,121,392,0.3086734693877551,220682.0,Tadeu Veneri,PT,PR,Tadeu Veneri (PT/PR)
220683.0,119,392,0.30357142857142855,220683.0,Beto Richa,PSDB,PR,Beto Richa (PSDB/PR)
220684.0,110,392,0.28061224489795916,220684.0,Tião Medeiros,PP,PR,Tião Medeiros (PP/PR)
220685.0,112,392,0.2857142857142857,220685.0,Paulo Litro,PSD,PR,Paulo Litro (PSD/PR)
220686.0,123,392,0.3137755102040816,220686.0,Duarte Jr.,PSB,MA,Duarte Jr. (PSB/MA)
220687.0,99,392,0.25255102040816324,220687.0,Márcio Honaiser,PDT,MA,Márcio Honaiser (PDT/MA)
220688.0,124,392,0.3163265306122449,220688.0,Dr. Francisco,PT,PI,Dr. Francisco (PT/PI)
220689.0,86,392,0.2193877551020408,220689.0,Detinha,PL,MA,Detinha (PL/MA)
220690.0,122,392,0.3112244897959184,220690.0,Capitão Alden,PL,BA,Capitão Alden (PL/BA)
220691.0,111,392,0.28316326530612246,220691.0,Diego Coronel,PSD,BA,Diego Coronel (PSD/BA)
220692.0,111,392,0.28316326530612246,220692.0,Dal Barreto,UNIÃO,BA,Dal Barreto (UNIÃO/BA)
220693.0,110,392,0.28061224489795916,220693.0,Roberta Roma,PL,BA,Roberta Roma (PL/BA)
220694.0,120,392,0.30612244897959184,220694.0,Ricardo Maia,MDB,BA,Ricardo Maia (MDB/BA)
220695.0,116,392,0.29591836734693877,220695.0,Rogéria Santos,REPUBLICANOS,BA,Rogéria Santos (REPUBLICANOS/BA)
220696.0,119,392,0.30357142857142855,220696.0,Ivoneide Caetano,PT,BA,Ivoneide Caetano (PT/BA)
220697.0,112,392,0.2857142857142857,220697.0,Jadyel Alencar,REPUBLICANOS,PI,Jadyel Alencar (REPUBLICANOS/PI)
220698.0,36,392,0.09183673469387756,,,,,
220699.0,110,392,0.28061224489795916,220699.0,Castro Neto,PSD,PI,Castro Neto (PSD/PI)
220700.0,116,392,0.29591836734693877,220700.0,Florentino Neto,PT,PI,Florentino Neto (PT/PI)
220701.0,123,392,0.3137755102040816,220701.0,Delegado Matheus Laiola,UNIÃO,PR,Delegado Matheus Laiola (UNIÃO/PR)
220702.0,85,392,0.21683673469387754,220702.0,Geraldo Mendes,UNIÃO,PR,Geraldo Mendes (UNIÃO/PR)
220703.0,118,392,0.3010204081632653,220703.0,Neto Carletto,AVANTE,BA,Neto Carletto (AVANTE/BA)
220704.0,106,392,0.27040816326530615,220704.0,Carol Dartora,PT,PR,Carol Dartora (PT/PR)
220705.0,25,392,0.06377551020408163,,,,,
220706.0,101,392,0.2576530612244898,220706.0,Padovani,UNIÃO,PR,Padovani (UNIÃO/PR)
220707.0,87,392,0.22193877551020408,220707.0,Amanda Gentil,PP,MA,Amanda Gentil (PP/MA)
220708.0,123,392,0.3137755102040816,220708.0,Gabriel Nunes,PSD,BA,Gabriel Nunes (PSD/BA)
220712.0,68,392,0.17346938775510204,220712.0,Fausto Jr.,UNIÃO,AM,Fausto Jr. (UNIÃO/AM)
220713.0,83,392,0.21173469387755103,,,,,
220714.0,118,392,0.3010204081632653,220714.0,Adail Filho,REPUBLICANOS,AM,Adail Filho (REPUBLICANOS/AM)
220715.0,106,392,0.27040816326530615,220715.0,Amom Mandel,CIDADANIA,AM,Amom Mandel (CIDADANIA/AM)
221147.0,1,392,0.002551020408163265,,,,,
221148.0,123,392,0.3137755102040816,221148.0,Alfredinho,PT,SP,Alfredinho (PT/SP)
221149.0,1,392,0.002551020408163265,,,,,
221157.0,1,392,0.002551020408163265,,,,,
221183.0,1,392,0.002551020408163265,,,,,
221328.0,116,392,0.29591836734693877,221328.0,Adilson Barroso,PL,SP,Adilson Barroso (PL/SP)
221329.0,44,392,0.11224489795918367,221329.0,Ricardo Abrão,UNIÃO,RJ,Ricardo Abrão (UNIÃO/RJ)
221338.0,120,392,0.30612244897959184,221338.0,Professora Luciene Cavalcante,PSOL,SP,Professora Luciene Cavalcante (PSOL/SP)
221339.0,82,392,0.20918367346938777,,,,,
221378.0,82,392,0.20918367346938777,,,,,
222142.0,61,392,0.1556122448979592,,,,,
222429.0,117,392,0.29846938775510207,222429.0,Luis Carlos Gomes,REPUBLICANOS,RJ,Luis Carlos Gomes (REPUBLICANOS/RJ)
223128.0,114,392,0.29081632653061223,223128.0,Rodrigo Estacho,PSD,PR,Rodrigo Estacho (PSD/PR)
223398.0,12,392,0.030612244897959183,,,,,
224117.0,107,392,0.2729591836734694,224117.0,Gabriel Mota,REPUBLICANOS,RR,Gabriel Mota (REPUBLICANOS/RR)
224333.0,104,392,0.2653061224489796,224333.0,Welter,PT,PR,Welter (PT/PR)
225386.0,13,392,0.03316326530612245,,,,,
225727.0,12,392,0.030612244897959183,,,,,
225730.0,43,392,0.1096938775510204,225730.0,Enfermeira Ana Paula,PODE,CE,Enfermeira Ana Paula (PODE/CE)
226075.0,10,392,0.025510204081632654,,,,,
226179.0,92,392,0.23469387755102042,226179.0,Gisela Simona,UNIÃO,MT,Gisela Simona (UNIÃO/MT)
226410.0,11,392,0.02806122448979592,,,,,
226553.0,8,392,0.02040816326530612,,,,,
226708.0,81,392,0.2066326530612245,226708.0,Allan Garcês,PP,MA,Allan Garcês (PP/MA)
226837.0,81,392,0.2066326530612245,226837.0,Saulo Pedroso,PSD,SP,Saulo Pedroso (PSD/SP)
227275.0,12,392,0.030612244897959183,,,,,
227310.0,13,392,0.03316326530612245,,,,,
227323.0,8,392,0.02040816326530612,,,,,
227324.0,11,392,0.02806122448979592,,,,,
227370.0,13,392,0.03316326530612245,,,,,
227401.0,11,392,0.02806122448979592,,,,,
227433.0,65,392,0.16581632653061223,227433.0,Douglas Viegas,UNIÃO,SP,Douglas Viegas (UNIÃO/SP)
227660.0,61,392,0.1556122448979592,,,,,
227800.0,15,392,0.03826530612244898,,,,,
227991.0,10,392,0.025510204081632654,,,,,
228042.0,1,392,0.002551020408163265,,,,,
228272.0,9,392,0.02295918367346939,,,,,
228616.0,10,392,0.025510204081632654,,,,,
228797.0,14,392,0.03571428571428571,,,,,
228837.0,13,392,0.03316326530612245,,,,,
228941.0,11,392,0.02806122448979592,,,,,
229069.0,12,392,0.030612244897959183,,,,,
229082.0,10,392,0.025510204081632654,,,,,
229106.0,14,392,0.03571428571428571,,,,,
229112.0,15,392,0.03826530612244898,,,,,
229225.0,14,392,0.03571428571428571,,,,,
229259.0,13,392,0.03316326530612245,,,,,
229333.0,15,392,0.03826530612244898,,,,,
229432.0,38,392,0.09693877551020408,229432.0,Luiz Fernando Vampiro,MDB,SC,Luiz Fernando Vampiro (MDB/SC)
229585.0,16,392,0.04081632653061224,,,,,
229939.0,14,392,0.03571428571428571,,,,,
230088.0,8,392,0.02040816326530612,,,,,
230177.0,9,392,0.02295918367346939,,,,,
230762.0,33,392,0.08418367346938775,230762.0,Pastor Claudio Mariano,UNIÃO,PA,Pastor Claudio Mariano (UNIÃO/PA)
230764.0,22,392,0.05612244897959184,,,,,
230765.0,39,392,0.09948979591836735,230765.0,Enfermeira Rejane,PCdoB,RJ,Enfermeira Rejane (PCdoB/RJ)
230767.0,39,392,0.09948979591836735,230767.0,Rodrigo da Zaeli,PL,MT,Rodrigo da Zaeli (PL/MT)
230768.0,36,392,0.09183673469387756,230768.0,Zé Adriano,PP,AC,Zé Adriano (PP/AC)
230957.0,38,392,0.09693877551020408,230957.0,João Cury,MDB,SP,João Cury (MDB/SP)
231911.0,27,392,0.06887755102040816,231911.0,Lenir de Assis,PT,PR,Lenir de Assis (PT/PR)
233218.0,9,392,0.02295918367346939,,,,,
233592.0,8,392,0.02040816326530612,233592.0,Paulo Lemos,PSOL,AP,Paulo Lemos (PSOL/AP)
233594.0,8,392,0.02040816326530612,233594.0,Rafael Fera,PODE,RO,Rafael Fera (PODE/RO)
233598.0,7,392,0.017857142857142856,233598.0,Samuel Santos,PODE,GO,Samuel Santos (PODE/GO)
