id_deputado,deputado,faltas_injustificadas
204379,Acácio Favacho,91
220714,Adail Filho,274
221328,Adilson Barroso,276
204560,Adolfo Viana,87
204528,Adriana Ventura,42
121948,Adriano do Baldy,41
74646,Aécio Neves,79
136811,Afonso Hamm,59
178835,Afonso Motta,40
160527,Aguinaldo Ribeiro,86
204495,Airton Faleiro,56
204549,AJ Albuquerque,57
73579,Alberto Fraga,272
220538,Albuquerque,279
160559,Alceu Moreira,53
204501,Alencar Santana,51
178972,Alex Manente,46
204571,Alex Santana,57
220542,Alexandre Guimarães,291
220554,Alexandre Lindenmeyer,279
221148,Alfredinho,269
220576,Alfredo Gaspar,268
74057,Alice Portugal,38
178927,Aliel Machado,63
226708,Allan Garcês,311
178937,Altineu Côrtes,179
178881,Aluisio Mendes,63
220707,Amanda Gentil,305
204356,Amaro Neto,35
220715,Amom Mandel,286
107970,Ana Paula Leão,285
220556,Ana Paula Lima,272
220632,Ana Pimentel,273
178831,André Abdon,158
220657,André Fernandes,283
204423,André Ferreira,86
133439,André Figueiredo,36
204515,André Janones,62
220676,Andreia Siqueira,295
123756,Antônia Lúcia,280
220544,Antonio Andrade,277
160553,Antonio Brito,33
220638,Antonio Carlos Rodrigues,268
220675,Antônio Doido,282
220549,Any Ortiz,272
73433,Arlindo Chinaglia,49
141391,Arnaldo Jardim,49
160541,Arthur Lira,119
160600,Arthur Oliveira Maia,83
74090,Átila Lins,75
123086,Átila Lira,273
160665,Augusto Coutinho,46
160512,Aureo Ribeiro,57
69871,Bacelar,52
178975,Baleia Rossi,68
220605,Bandeira de Mello,272
220612,Bebeto,268
73701,Benedita da Silva,95
109429,Benes Leocádio,38
204358,Beto Pereira,63
220683,Beto Richa,273
204374,Bia Kicis,42
204388,Bibo Nunes,40
160538,Bohn Gass,44
210989,Bruno Farias,285
220635,Bruno Ganem,279
220574,Cabo Gilberto Silva,268
143942,Caio Vianna,337
220548,Camila Jara,274
204572,Capitão Alberto Neto,44
220690,Capitão Alden,270
178829,Capitão Augusto,36
213762,Carla Dickson,175
204507,Carla Zambelli,91
178993,Carlos Henrique Gaguim,56
204460,Carlos Jordy,64
74262,Carlos Sampaio,53
204426,Carlos Veras,43
141398,Carlos Zarattini,47
220704,Carol Dartora,286
204369,Caroline de Toni,45
220699,Castro Neto,282
206018,Célia Xakriabá,284
178876,Célio Silveira,53
204488,Célio Studart,55
73441,Celso Russomanno,45
204504,Cezinha de Madureira,62
205476,Charles Fernandes,46
74171,Chico Alencar,268
204462,Chris Tonietto,91
220665,Clarissa Tércio,288
74537,Claudio Cajado,54
141408,Cleber Verde,70
88256,Clodoaldo Magalhães,276
98148,Cobalchini,268
220594,Coronel Assis,270
204378,Coronel Chrisóstomo,42
220595,Coronel Fernanda,281
220666,Coronel Meira,270
220590,Coronel Ulysses,274
178963,Covatti Filho,180
220608,Cristiane Lopes,272
204355,Da Vitoria,48
141411,Dagoberto Nogueira,52
220555,Daiana Santos,284
220692,Dal Barreto,281
74467,Damião Feliciano,77
220629,Dandara,279
220603,Dani Cunha,289
220571,Daniel Agrobom,268
74060,Daniel Almeida,42
220582,Daniel Barbosa,293
204367,Daniel Freitas,50
204409,Daniel Trzeciak,41
204459,Daniela do Waguinho,90
220557,Daniela Reinehr,269
62881,Danilo Forte,126
160552,Danrlei de Deus Hinterholz,176
204511,David Soares,77
220659,Dayany Bittencourt,287
220539,Defensor Stélio Dener,279
220565,Delegada Adriana Accorsi,274
220625,Delegada Ione,285
220561,Delegada Katarina,276
220642,Delegado Bruno Lima,334
220673,Delegado Caveira,270
220649,Delegado da Cunha,285
178908,Delegado Éder Mauro,62
220583,Delegado Fabio Costa,269
204512,Delegado Marcelo Freitas,51
220701,Delegado Matheus Laiola,269
220652,Delegado Palumbo,273
220654,Delegado Paulo Bilynskyj,271
220619,Delegado Ramagem,268
220553,Denise Pessôa,271
220689,Detinha,306
160588,Diego Andrade,65
220691,Diego Coronel,281
178929,Diego Garcia,38
73768,Dilceu Sperafico,271
220671,Dilvanda Faro,272
160599,Dimas Fabiano,39
220602,Dimas Gadelha,269
143632,Domingos Neto,105
160758,Domingos Sávio,51
220573,Dorinaldo Malafaia,293
227433,Douglas Viegas,327
204450,Doutor Luizinho,140
220610,Dr. Fernando Máximo,279
220688,Dr. Francisco,268
204518,Dr. Frederico,55
220570,Dr. Ismael Alexandrino,278
204481,Dr. Jaziel,74
204351,Dr. Luiz Ovando,41
220528,Dr. Victor Linhalis,280
204412,Dr. Zacharias Calil,45
220674,Dra. Alessandra Haber,284
220686,Duarte Jr.,269
220540,Duda Ramos,280
220623,Duda Salabert,291
92346,Eduardo Bolsonaro,100
141421,Eduardo da Fonte,64
220589,Eduardo Velloso,290
74075,Elcione Barbalho,111
204364,Eli Borges,82
178854,Elmar Nascimento,87
218086,Ely Santos,287
198783,Emanuel Pinheiro Neto,56
161550,Emidinho Madeira,75
225730,Enfermeira Ana Paula,349
230765,Enfermeira Rejane,353
220663,Eriberto Medeiros,278
220645,Erika Hilton,294
160575,Erika Kokay,38
160640,Eros Biondini,73
204482,Euclydes Pettersen,94
74454,Eunício Oliveira,287
178871,Evair Vieira de Melo,48
220681,Fábio Macedo,306
171623,Fabio Reis,123
204368,Fabio Schiochet,56
220653,Fábio Teruel,274
74065,Fatima Pelaes,0
220712,Fausto Jr.,324
66828,Fausto Pinato,63
220646,Felipe Becari,316
72442,Felipe Carreras,66
204398,Felipe Francischini,54
160666,Félix Mendonça Júnior,46
204407,Fernanda Melchionna,56
220656,Fernanda Pessoa,276
141431,Fernando Coelho Filho,52
204445,Fernando Mineiro,269
92699,Fernando Monteiro,55
204427,Fernando Rodolfo,63
204411,Filipe Barros,79
220545,Filipe Martins,268
160598,Flávia Morais,50
191923,Flávio Nogueira,44
220700,Florentino Neto,276
220551,Franciane Bayer,279
204494,Fred Costa,89
220534,Fred Linhares,269
224117,Gabriel Mota,285
220708,Gabriel Nunes,269
204473,General Girão,53
220611,General Pazuello,275
178966,Geovania de Sá,56
220702,Geraldo Mendes,307
74374,Geraldo Resende,274
204394,Gervásio Maia,39
74383,Giacobo,57
204491,Gilberto Abramo,48
74270,Gilberto Nascimento,106
220529,Gilson Daniel,268
204365,Gilson Marques,37
220526,Gilvan da Federal,281
160673,Giovani Cherini,47
226179,Gisela Simona,300
152605,Glauber Braga,43
198197,Greyce Elias,103
220639,Guilherme Boulos,272
220664,Guilherme Uchoa,275
220568,Gustavo Gayer,275
204408,Gustinho Ribeiro,62
204456,Gutemberg Reis,56
178964,Heitor Schuch,77
178873,Helder Salomão,44
220537,Helena Lima,292
204444,Helio Lopes,49
220672,Henderson Pinto,281
204539,Hercílio Coelho Diniz,118
178884,Hildo Rocha,133
141450,Hugo Leal,76
160674,Hugo Motta,68
220563,Icaro de Valmir,294
204508,Igor Timo,70
98615,Ismael,273
204436,Isnaldo Bulhões Jr.,123
73531,Ivan Valente,57
220696,Ivoneide Caetano,273
220670,Iza Arruda,279
220527,Jack Rocha,268
220697,Jadyel Alencar,280
74848,Jandira Feghali,44
220567,Jeferson Rodrigues,295
74273,Jefferson Campos,67
141456,Jilmar Tatto,269
141458,João Carlos Bacelar,70
230957,João Cury,354
178970,João Daniel,36
74550,João Leão,276
141459,João Maia,49
178910,Joaquim Passarinho,37
160548,Jonas Donizette,270
205550,Jorge Braz,44
214694,Jorge Goetten,257
178857,Jorge Solla,56
141464,José Airton Félix Cirilo,54
141470,José Guimarães,45
204472,José Medeiros,52
204391,José Nelto,67
74079,José Priante,90
74554,José Rocha,75
209189,Joseildo Ramos,54
220578,Josenildo,268
74141,Josias Gomes,239
204563,Josimar Maranhãozinho,152
215043,Josivaldo JP,171
204474,Juarez Costa,90
220559,Julia Zanatta,285
220640,Juliana Cardoso,277
66385,Julio Arcoverde,272
74317,Júlio Cesar,49
204372,Julio Cesar Ribeiro,79
74253,Julio Lopes,242
204457,Juninho do Pneu,67
204520,Junio Amaral,60
204497,Júnior Ferrari,40
204574,Junior Lourenço,157
204550,Júnior Mano,102
178886,Juscelino Filho,149
220677,Keniston Braga,272
162067,Kiko Celeguim,271
204536,Kim Kataguiri,52
98057,Lafayette de Andrada,63
74856,Laura Carneiro,271
220566,Lêda Borges,282
231911,Lenir de Assis,365
80815,Leo Prates,271
74156,Leonardo Monteiro,45
74299,Leônidas Cristino,67
92102,Leur Lomanto Júnior,51
139285,Lídice da Mata,51
74585,Lincoln Portela,38
74858,Lindbergh Farias,273
220662,Lucas Ramos,270
204404,Lucas Redecker,43
138286,Luciano Alves,320
220581,Luciano Amaral,271
74478,Luciano Bivar,159
178931,Luciano Ducci,54
220616,Luciano Vieira,281
178954,Lucio Mosquini,63
222429,Luis Carlos Gomes,275
160510,Luis Tibé,113
204410,Luisa Canziani,62
204448,Luiz Antonio Corrêa,134
141485,Luiz Carlos Busato,277
73778,Luiz Carlos Hauly,310
204485,Luiz Carlos Motta,38
74041,Luiz Couto,270
141487,Luiz Fernando Faria,277
229432,Luiz Fernando Vampiro,354
220658,Luiz Gastão,273
204455,Luiz Lima,33
162332,Luiz Nishimori,78
204526,Luiz Philippe de Orleans e Bragança,44
74784,Luiza Erundina,88
178866,Luizianne Lins,84
220669,Lula da Fonte,281
166402,Magda Mofatto,66
220648,Marangoni,280
156190,Marcel van Hattem,38
179000,Marcelo Álvaro Antônio,157
220599,Marcelo Crivella,271
133810,Marcelo Moraes,53
178983,Marcio Alvino,32
179001,Márcio Biolchi,46
220687,Márcio Honaiser,293
81055,Márcio Jerry,117
150418,Márcio Marinho,55
160535,Marcon,52
204431,Marcos Aurélio Sampaio,59
204506,Marcos Pereira,89
220547,Marcos Pollon,272
178943,Marcos Soares,226
220604,Marcos Tavares,280
220668,Maria Arraes,286
74398,Maria do Rosário,82
204540,Maria Rosas,68
220655,Mario Frias,274
74158,Mário Heringer,82
178858,Mário Negromonte Jr.,57
204566,Marreca Filho,95
220572,Marussa Boldrin,270
178843,Marx Beltrão,52
220661,Matheus Noronha,279
220609,Maurício Carvalho,274
220628,Mauricio do Vôlei,279
220550,Mauricio Marcon,269
220647,Mauricio Neves,290
204486,Mauro Benevides Filho,80
220607,Max Lemos,270
220591,Meire Serafim,279
74428,Mendonça Filho,275
188097,Merlong Solano,102
220585,Mersinho Lucena,289
220530,Messias Donato,269
171786,Miguel Ângelo,283
178985,Miguel Lombardi,33
178895,Misael Varella,81
178997,Moses Rodrigues,82
220617,Murillo Gouvea,272
220584,Murilo Galdino,281
204453,Natália Bonavides,44
204449,Nelson Barbudo,124
220622,Nely Aquino,269
220703,Neto Carletto,274
178896,Newton Cardoso Jr,78
204479,Nicoletti,60
209787,Nikolas Ferreira,274
178986,Nilto Tatto,51
74159,Odair Cunha,49
204498,Olival Marques,73
178987,Orlando Silva,52
73692,Osmar Terra,79
204422,Ossesio Silva,76
204441,Otoni de Paula,55
204573,Otto Alencar Filho,41
220706,Padovani,291
160556,Padre João,41
230762,Pastor Claudio Mariano,359
180214,Pastor Diniz,282
160642,Pastor Eurico,68
204570,Pastor Gil,86
220615,Pastor Henrique Vieira,270
204553,Pastor Sargento Isidório,53
74160,Patrus Ananias,46
74095,Pauderney Avelino,319
171617,Paulão,52
141518,Paulinho da Força,141
141516,Paulo Abi-Ackel,69
220650,Paulo Alexandre Barbosa,283
178860,Paulo Azi,58
160517,Paulo Folletto,253
160558,Paulo Freire Costa,72
204492,Paulo Guedes,49
233592,Paulo Lemos,384
220685,Paulo Litro,280
74574,Paulo Magalhães,61
74400,Paulo Pimenta,127
220630,Pedro Aihara,274
220667,Pedro Campos,280
122974,Pedro Lucas Fernandes,57
204395,Pedro Lupion,66
122158,Pedro Paulo,131
160604,Pedro Uczai,58
204406,Pedro Westphalen,46
161440,Pezenti,269
204524,Pinheirinho,41
73486,Pompeo de Mattos,50
160601,Pr. Marco Feliciano,64
220533,Prof. Reginaldo Veras,274
204390,Professor Alcides,49
221338,Professora Luciene Cavalcante,272
160641,Professora Marcivania,152
220586,Rafael Brito,278
233594,Rafael Fera,384
220532,Rafael Prudente,273
220626,Rafael Simoes,272
204567,Raimundo Costa,58
74084,Raimundo Santos,268
74161,Reginaldo Lopes,59
220606,Reimont,275
205865,Reinhold Stephanes,135
178989,Renata Abreu,181
153423,Renilce Nicodemos,294
73801,Renildo Calheiros,65
175765,Ribamar Silva,354
221329,Ricardo Abrão,348
220543,Ricardo Ayres,268
73788,Ricardo Barros,145
204362,Ricardo Guidi,83
220694,Ricardo Maia,272
220633,Ricardo Salles,286
204489,Robério Monteiro,119
220693,Roberta Roma,282
220588,Roberto Duarte,277
220613,Roberto Monteiro Pai,274
220624,Robinson Faria,272
220546,Rodolfo Nogueira,268
230767,Rodrigo da Zaeli,353
141531,Rodrigo de Castro,55
223128,Rodrigo Estacho,278
220641,Rodrigo Gambale,273
141533,Rodrigo Rollemberg,384
165470,Rodrigo Valadares,277
220695,Rogéria Santos,276
204480,Rogério Correia,39
160629,Romero Rodrigues,268
163321,Ronaldo Nogueira,315
204525,Rosana Valle,41
220644,Rosangela Moro,275
220620,Rosângela Reis,277
74371,Rubens Otoni,52
178887,Rubens Pereira Júnior,160
73604,Rui Falcão,56
160635,Ruy Carneiro,94
204535,Sâmia Bomfim,70
233598,Samuel Santos,385
220631,Samuel Viana,272
204416,Sanderson,44
204387,Sargento Fahur,31
220621,Sargento Gonçalves,268
220618,Sargento Portugal,282
226837,Saulo Pedroso,311
178933,Sergio Souza,60
204557,Sidney Leite,38
74356,Silas Câmara,76
204360,Silvia Cristina,39
220569,Silvye Alves,280
220651,Simone Marquetto,288
104552,Socorro Neri,271
178946,Soraya Santos,70
178947,Sóstenes Cavalcante,47
92776,Stefano Aguiar,66
204534,Tabata Amaral,50
220682,Tadeu Veneri,271
204464,Talíria Petrone,147
220598,Tarcísio Motta,273
220560,Thiago de Joaldo,284
220597,Thiago Flores,274
143084,Tiago Dimas,154
220684,Tião Medeiros,282
160976,Tiririca,61
178934,Toninho Wandscheer,72
157130,Túlio Gadêlha,51
160610,Valmir Assunção,49
74376,Vander Loubet,46
204396,Vermelho,60
74283,Vicentinho,55
137070,Vicentinho Júnior,91
141555,Vinicius Carvalho,70
160591,Vinicius Gurgel,182
178992,Vitor Lippi,48
91228,Waldemar Oliveira,274
160569,Waldenor Pereira,62
160518,Weliton Prado,38
74043,Wellington Roberto,130
224333,Welter,288
74044,Wilson Santiago,71
220564,Yandra Moura,304
220660,Yury do Paredão,290
230768,Zé Adriano,356
220536,Zé Haroldo Cathedral,277
204559,Zé Neto,68
160632,Zé Silva,67
220558,Zé Trovão,272
204517,Zé Vitor,69
160592,Zeca Dirceu,56
220592,Zezinho Barbary,282
220552,Zucco,269
