id_deputado,deputado,presencas,sessoes_total,votacoes_participadas,taxa_votacao
62881,Danilo Forte,266,392,1827,0.30313588850174217
66179,,221,392,1248,0.2070681931309109
66385,Julio Arcoverde,120,392,519,0.08611249377799901
66828,Fausto Pinato,329,392,2028,0.33648581383773024
67138,,197,392,1093,0.18135058901609424
68720,,245,392,1582,0.26248548199767713
69871,Bacelar,340,392,2090,0.3467728554836569
72442,Felipe Carreras,326,392,1874,0.3109341297494608
73433,Arlindo Chinaglia,343,392,1733,0.28753940600630495
73441,Celso Russomanno,347,392,1716,0.2847187655550025
73460,,233,392,1388,0.2302969968475195
73463,,78,392,377,0.062551850008296
73466,,232,392,1490,0.24722083955533433
73482,,226,392,1315,0.21818483490957358
73486,Pompeo de Mattos,342,392,2181,0.36187157789945246
73531,Ivan Valente,335,392,1872,0.31060228969636633
73579,Alberto Fraga,120,392,825,0.1368840219014435
73586,,225,392,1374,0.22797411647585863
73604,Rui Falcão,336,392,2085,0.34594325535092085
73692,Osmar Terra,313,392,1984,0.3291853326696532
73696,,231,392,1513,0.25103700016592
73701,Benedita da Silva,297,392,1518,0.25186660029865604
73768,Dilceu Sperafico,121,392,544,0.0902604944416791
73772,,215,392,1209,0.20059731209556994
73778,Luiz Carlos Hauly,82,392,359,0.059565289530446326
73788,Ricardo Barros,247,392,1478,0.24522979923676788
73801,Renildo Calheiros,327,392,1913,0.3174050107848017
73806,,50,392,221,0.03666832586693214
73808,,217,392,1227,0.20358387257341962
73891,,7,392,18,0.0029865604778496766
73943,,227,392,1430,0.23726563796250208
74041,Luiz Couto,122,392,998,0.16558818649410983
74043,Wellington Roberto,262,392,1344,0.2229965156794425
74044,Wilson Santiago,321,392,1654,0.27443172390907583
74052,,242,392,1369,0.2271445163431226
74057,Alice Portugal,354,392,2083,0.34561141529782646
74060,Daniel Almeida,350,392,1839,0.3051269288203086
74075,Elcione Barbalho,281,392,1563,0.25933300149328026
74079,José Priante,302,392,1545,0.2563464410154306
74084,Raimundo Santos,124,392,505,0.08378961340633814
74090,Átila Lins,317,392,1858,0.3082794093247055
74095,Pauderney Avelino,73,392,485,0.08047121287539406
74141,Josias Gomes,153,392,647,0.10735025717604114
74156,Leonardo Monteiro,347,392,2105,0.3492616558818649
74158,Mário Heringer,310,392,1804,0.29931972789115646
74159,Odair Cunha,343,392,1740,0.2887008461921354
74160,Patrus Ananias,346,392,2431,0.4033515845362535
74161,Reginaldo Lopes,333,392,1995,0.3310104529616725
74165,,117,392,748,0.12410817985730878
74171,Chico Alencar,124,392,807,0.13389746142359382
74200,,158,392,985,0.1634312261489962
74212,,43,392,181,0.03003152480504397
74253,Julio Lopes,150,392,704,0.11680769868923178
74254,,40,392,196,0.032520325203252036
74262,Carlos Sampaio,339,392,1645,0.27293844367015097
74270,Gilberto Nascimento,286,392,1735,0.28787124605939934
74273,Jefferson Campos,325,392,1670,0.2770864443338311
74283,Vicentinho,337,392,1788,0.2966650074664012
74299,Leônidas Cristino,325,392,1931,0.3203915712626514
74305,,61,392,411,0.06819313091090094
74317,Júlio Cesar,343,392,1699,0.2818981251037
74319,,64,392,382,0.06338145014103203
74352,,210,392,1216,0.20175875228140036
74356,Silas Câmara,316,392,1830,0.30363364858138375
74366,,224,392,1487,0.24672307947569272
74371,Rubens Otoni,340,392,1989,0.33001493280238925
74374,Geraldo Resende,118,392,557,0.09241745478679277
74376,Vander Loubet,346,392,1784,0.2960013273602124
74383,Giacobo,335,392,1681,0.2789115646258503
74398,Maria do Rosário,310,392,1896,0.31458437033349923
74399,,29,392,162,0.02687904430064709
74400,Paulo Pimenta,265,392,1389,0.2304629168740667
74419,,227,392,1411,0.23411315745810518
74428,Mendonça Filho,117,392,926,0.15364194458271113
74439,,221,392,1266,0.21005475360876058
74454,Eunício Oliveira,105,392,636,0.1055251368840219
74459,,226,392,1309,0.21718931475029035
74467,Damião Feliciano,315,392,1651,0.2739339638294342
74471,,222,392,1255,0.20822963331674132
74478,Luciano Bivar,233,392,1275,0.21154803384768542
74537,Claudio Cajado,338,392,1847,0.30645428903268623
74550,João Leão,116,392,749,0.12427409988385599
74554,José Rocha,317,392,1991,0.33034677285548364
74574,Paulo Magalhães,331,392,2017,0.334660693545711
74585,Lincoln Portela,354,392,2196,0.36436037829766055
74646,Aécio Neves,313,392,1596,0.26480836236933797
74655,,234,392,1572,0.26082628173220507
74693,,163,392,922,0.15297826447652232
74696,,64,392,241,0.039986726397876225
74749,,214,392,1286,0.21337315413970467
74784,Luiza Erundina,304,392,1763,0.2925170068027211
74806,,62,392,494,0.0819644931143189
74848,Jandira Feghali,348,392,1979,0.3283557325369172
74856,Laura Carneiro,121,392,1018,0.16890658702505393
74858,Lindbergh Farias,119,392,604,0.10021569603451136
75431,,226,392,1295,0.2148664343786295
76874,,232,392,1288,0.21370499419279906
80815,Leo Prates,121,392,568,0.09424257507881201
81055,Márcio Jerry,275,392,1537,0.2550190808030529
81297,,235,392,1569,0.2603285216525635
88256,Clodoaldo Magalhães,116,392,513,0.08511697361871579
89536,,31,392,233,0.03865936618549859
90201,,224,392,1358,0.22531939605110338
90842,,136,392,847,0.140534262485482
91228,Waldemar Oliveira,118,392,964,0.1599469055915049
92102,Leur Lomanto Júnior,341,392,1896,0.31458437033349923
92172,,109,392,623,0.10336817653890824
92346,Eduardo Bolsonaro,292,392,1727,0.28654388584702173
92699,Fernando Monteiro,337,392,1730,0.28704164592666337
92776,Stefano Aguiar,326,392,1712,0.2840550854488137
93083,,228,392,1266,0.21005475360876058
98057,Lafayette de Andrada,329,392,2270,0.37663846026215364
98148,Cobalchini,124,392,903,0.14982578397212543
98615,Ismael,119,392,518,0.0859465737514518
100689,,13,392,83,0.013771362203417953
103758,,60,392,309,0.051269288203086114
104552,Socorro Neri,121,392,716,0.11879873900779823
105534,,14,392,113,0.01874896299983408
107283,,283,392,1576,0.2614899618383939
107970,Ana Paula Leão,107,392,474,0.07864609258337481
108338,,225,392,1432,0.23759747801559647
109429,Benes Leocádio,354,392,1864,0.3092749294839887
112437,,199,392,1216,0.20175875228140036
115200,,17,392,210,0.03484320557491289
115746,,219,392,1193,0.19794259167081465
116379,,242,392,1621,0.26895636303301806
118594,,27,392,187,0.031027044964327195
121948,Adriano do Baldy,351,392,1803,0.29915380786460927
122158,Pedro Paulo,261,392,1415,0.23477683756429402
122195,,65,392,381,0.06321553011448482
122466,,40,392,328,0.05442176870748299
122974,Pedro Lucas Fernandes,335,392,1781,0.29550356728057076
123086,Átila Lira,119,392,884,0.14667330346772856
123756,Antônia Lúcia,112,392,743,0.12327857972457276
128760,,102,392,694,0.11514849842375975
129618,,27,392,118,0.0195785631325701
132504,,239,392,1346,0.22332835573253693
133373,,1,392,4,0.000663680106188817
133439,André Figueiredo,356,392,2135,0.35423925667828104
133810,Marcelo Moraes,339,392,1742,0.2890326862452298
133968,,222,392,1459,0.242077318732371
134812,,109,392,725,0.12029201924672307
135054,,229,392,1267,0.21022067363530778
136811,Afonso Hamm,333,392,1652,0.27409988385598144
137070,Vicentinho Júnior,301,392,1613,0.26762900282064045
138286,Luciano Alves,72,392,292,0.04844864775178364
139285,Lídice da Mata,341,392,2064,0.3424589347934296
141335,,225,392,1260,0.20905923344947736
141372,,111,392,555,0.09208561473369836
141379,,1,392,4,0.000663680106188817
141391,Arnaldo Jardim,343,392,1794,0.2976605276256844
141398,Carlos Zarattini,345,392,1754,0.29102372656379627
141401,,163,392,1056,0.1752115480338477
141405,,224,392,1266,0.21005475360876058
141408,Cleber Verde,322,392,1740,0.2887008461921354
141411,Dagoberto Nogueira,340,392,1811,0.3004811680769869
141417,,194,392,1141,0.18931475029036005
141421,Eduardo da Fonte,328,392,1651,0.2739339638294342
141422,,204,392,1216,0.20175875228140036
141427,,224,392,1277,0.21187987390077984
141428,,41,392,272,0.04513024722083955
141431,Fernando Coelho Filho,340,392,1651,0.2739339638294342
141434,,227,392,1264,0.20972291355566616
141439,,225,392,1367,0.22681267629002821
141450,Hugo Leal,316,392,2033,0.3373154139704662
141456,Jilmar Tatto,123,392,470,0.077982412477186
141458,João Carlos Bacelar,322,392,1670,0.2770864443338311
141459,João Maia,343,392,1820,0.30197444831591175
141464,José Airton Félix Cirilo,338,392,1674,0.2777501244400199
141470,José Guimarães,347,392,2225,0.3691720590675294
141478,,44,392,184,0.030529284884685582
141480,,124,392,642,0.10652065704330513
141485,Luiz Carlos Busato,115,392,545,0.09042641446822632
141487,Luiz Fernando Faria,115,392,435,0.07217521154803384
141488,,231,392,1502,0.24921187987390078
141508,,228,392,1421,0.23577235772357724
141513,,209,392,1392,0.2309606769537083
141515,,67,392,301,0.04994192799070848
141516,Paulo Abi-Ackel,323,392,1833,0.3041314086610254
141518,Paulinho da Força,251,392,1390,0.2306288369006139
141523,,231,392,1401,0.23245395719263315
141531,Rodrigo de Castro,337,392,1669,0.27692052430728387
141533,Rodrigo Rollemberg,8,392,48,0.007964161274265804
141552,,47,392,238,0.03948896631823461
141553,,225,392,1333,0.22117139538742325
141555,Vinicius Carvalho,322,392,1727,0.28654388584702173
143084,Tiago Dimas,238,392,1337,0.2218350754936121
143632,Domingos Neto,287,392,1554,0.2578397212543554
143942,Caio Vianna,55,392,202,0.03351584536253526
146307,,215,392,1245,0.2065704330512693
146788,,224,392,1313,0.2178529948564792
150418,Márcio Marinho,337,392,1776,0.2946739671478347
151208,,218,392,1257,0.20856147336983574
152605,Glauber Braga,349,392,2006,0.33283557325369173
152610,,213,392,1299,0.21553011448481832
153423,Renilce Nicodemos,98,392,602,0.09988385598141696
154178,,230,392,1288,0.21370499419279906
154919,,16,392,107,0.017753442840550856
156190,Marcel van Hattem,354,392,2043,0.3389746142359383
157130,Túlio Gadêlha,341,392,2014,0.33416293346606935
159237,,57,392,341,0.05657872905259665
160161,,118,392,572,0.09490625518500083
160508,,215,392,1249,0.2072341131574581
160510,Luis Tibé,279,392,1485,0.2463912394225983
160511,,224,392,1280,0.21237763398042145
160512,Aureo Ribeiro,335,392,2320,0.38493446158951383
160517,Paulo Folletto,139,392,698,0.11581217852994856
160518,Weliton Prado,354,392,2153,0.3572258171561307
160527,Aguinaldo Ribeiro,306,392,1731,0.28720756595321056
160528,,221,392,1387,0.23013107682097228
160531,,224,392,1400,0.23228803716608595
160532,,203,392,1162,0.19279907084785133
160534,,228,392,1364,0.2263149162103866
160535,Marcon,340,392,1695,0.2812344449975112
160538,Bohn Gass,348,392,1779,0.29517172722747637
160541,Arthur Lira,273,392,1353,0.22448979591836735
160542,,33,392,240,0.039820806371329016
160545,,311,392,1748,0.29002820640451304
160548,Jonas Donizette,122,392,526,0.08727393396382943
160552,Danrlei de Deus Hinterholz,216,392,1225,0.2032520325203252
160553,Antonio Brito,359,392,1739,0.2885349261655882
160556,Padre João,351,392,2114,0.3507549361207898
160558,Paulo Freire Costa,320,392,1577,0.2616558818649411
160559,Alceu Moreira,339,392,1857,0.3081134892981583
160561,,20,392,34,0.005641280902604944
160569,Waldenor Pereira,330,392,1763,0.2925170068027211
160570,,210,392,1222,0.20275427244068359
160575,Erika Kokay,354,392,2608,0.4327194292351087
160587,,228,392,1485,0.2463912394225983
160588,Diego Andrade,327,392,1657,0.2749294839887174
160589,,209,392,1160,0.19246723079475692
160591,Vinicius Gurgel,210,392,985,0.1634312261489962
160592,Zeca Dirceu,336,392,1789,0.2968309274929484
160598,Flávia Morais,342,392,2112,0.3504230960676954
160599,Dimas Fabiano,353,392,1764,0.2926829268292683
160600,Arthur Oliveira Maia,309,392,2046,0.3394723743155799
160601,Pr. Marco Feliciano,328,392,2303,0.3821138211382114
160604,Pedro Uczai,334,392,1835,0.3044632487141198
160610,Valmir Assunção,343,392,1729,0.2868757259001161
160619,,199,392,1081,0.1793595486975278
160621,,62,392,339,0.05624688899950224
160629,Romero Rodrigues,124,392,465,0.07715281234444997
160632,Zé Silva,325,392,1722,0.2857142857142857
160635,Ruy Carneiro,298,392,1566,0.25983076157292184
160639,,218,392,1341,0.2224987555998009
160640,Eros Biondini,319,392,1722,0.2857142857142857
160641,Professora Marcivania,240,392,1427,0.23676787788286047
160642,Pastor Eurico,324,392,2194,0.3640285382445661
160645,,177,392,1106,0.1835075493612079
160651,,204,392,1256,0.20839555334328855
160653,,229,392,1398,0.23195619711299154
160655,,215,392,1322,0.21934627509540403
160665,Augusto Coutinho,346,392,1873,0.3107682097229136
160666,Félix Mendonça Júnior,346,392,2045,0.33930645428903267
160667,,181,392,1084,0.1798573087771694
160669,,208,392,1254,0.20806371329019413
160673,Giovani Cherini,345,392,1826,0.302969968475195
160674,Hugo Motta,324,392,1633,0.2709474033515845
160758,Domingos Sávio,341,392,1986,0.3295171727227476
160976,Tiririca,331,392,1650,0.273768043802887
161440,Pezenti,123,392,473,0.07848017255682761
161550,Emidinho Madeira,317,392,1625,0.2696200431392069
162067,Kiko Celeguim,121,392,630,0.10452961672473868
162332,Luiz Nishimori,314,392,1606,0.26646756263481003
163321,Ronaldo Nogueira,77,392,366,0.06072672971627675
164359,,222,392,1250,0.20740003318400532
164360,,248,392,1507,0.2500414800066368
165470,Rodrigo Valadares,115,392,663,0.11000497760079642
166402,Magda Mofatto,326,392,1776,0.2946739671478347
167614,,1,392,4,0.000663680106188817
168175,,1,392,4,0.000663680106188817
171139,,8,392,25,0.004148000663680106
171617,Paulão,340,392,1719,0.2852165256346441
171619,,113,392,739,0.12261489961838394
171623,Fabio Reis,269,392,1412,0.2342790774846524
171786,Miguel Ângelo,109,392,581,0.09639953542392567
175765,Ribamar Silva,38,392,136,0.022565123610419777
177282,,230,392,1532,0.2541894806703169
178825,,138,392,756,0.1254355400696864
178829,Capitão Augusto,356,392,2072,0.3437862950058072
178830,,79,392,585,0.09706321553011449
178831,André Abdon,234,392,1272,0.2110502737680438
178832,,232,392,1437,0.2384270781483325
178833,,106,392,702,0.11647585863613738
178835,Afonso Motta,352,392,2162,0.3587190973950556
178836,,217,392,1241,0.20590675294508048
178839,,197,392,1169,0.19396051103368175
178842,,105,392,694,0.11514849842375975
178843,Marx Beltrão,340,392,1846,0.30628836900613904
178844,,119,392,746,0.12377633980421437
178854,Elmar Nascimento,305,392,1561,0.2590011614401858
178857,Jorge Solla,336,392,1926,0.31956197112991536
178858,Mário Negromonte Jr.,335,392,1755,0.29118964659034346
178860,Paulo Azi,334,392,1840,0.3052928488468558
178861,,224,392,1298,0.21536419445827112
178862,,64,392,310,0.051435208229633315
178863,,209,392,1194,0.19810851169736188
178866,Luizianne Lins,308,392,1615,0.26796084287373484
178868,,12,392,56,0.009291521486643438
178871,Evair Vieira de Melo,344,392,2417,0.4010287041645927
178873,Helder Salomão,348,392,2323,0.3854322216691555
178874,,116,392,741,0.12294673967147834
178876,Célio Silveira,339,392,1849,0.3067861290857807
178879,,210,392,1262,0.20939107350257177
178881,Aluisio Mendes,329,392,2507,0.41596150655384106
178882,,223,392,1212,0.20109507217521155
178884,Hildo Rocha,259,392,1713,0.2842210054753609
178886,Juscelino Filho,243,392,1327,0.22017587522814003
178887,Rubens Pereira Júnior,232,392,1531,0.2540235606437697
178888,,20,392,123,0.02040816326530612
178889,,218,392,1257,0.20856147336983574
178895,Misael Varella,311,392,1744,0.2893645262983242
178896,Newton Cardoso Jr,314,392,1653,0.27426580388252864
178901,,41,392,253,0.041977766716442676
178905,,28,392,117,0.019412643106022896
178908,Delegado Éder Mauro,330,392,1829,0.30346772855483656
178909,,265,392,1495,0.24805043968807036
178910,Joaquim Passarinho,355,392,1827,0.30313588850174217
178912,,186,392,1084,0.1798573087771694
178916,,225,392,1259,0.20889331342293016
178920,,207,392,1132,0.1878214700514352
178921,,190,392,1066,0.17687074829931973
178922,,221,392,1320,0.2190144350423096
178923,,1,392,4,0.000663680106188817
178924,,179,392,1068,0.17720258835241415
178925,,226,392,1419,0.23544051767048282
178927,Aliel Machado,329,392,1899,0.31508213041314087
178928,,234,392,1349,0.22382611581217854
178929,Diego Garcia,354,392,2674,0.4436701509872242
178930,,179,392,1103,0.18300978928156628
178931,Luciano Ducci,338,392,1785,0.2961672473867596
178933,Sergio Souza,332,392,1784,0.2960013273602124
178934,Toninho Wandscheer,320,392,1814,0.3009789281566285
178935,,63,392,295,0.04894640783142525
178937,Altineu Côrtes,213,392,939,0.15579890492782478
178939,,214,392,1342,0.2226646756263481
178943,Marcos Soares,166,392,991,0.16442674630827941
178945,,218,392,1213,0.20126099220175875
178946,Soraya Santos,322,392,2064,0.3424589347934296
178947,Sóstenes Cavalcante,345,392,1820,0.30197444831591175
178948,,209,392,1249,0.2072341131574581
178951,,223,392,1360,0.22565123610419777
178952,,222,392,1261,0.20922515347602455
178953,,225,392,1247,0.2069022731043637
178954,Lucio Mosquini,329,392,1622,0.2691222830595653
178956,,214,392,1359,0.22548531607765057
178959,,221,392,1540,0.25551684088269455
178961,,207,392,1165,0.19329683092749295
178962,,271,392,1395,0.23145843703334992
178963,Covatti Filho,212,392,1056,0.1752115480338477
178964,Heitor Schuch,315,392,1749,0.29019412643106024
178966,Geovania de Sá,336,392,1784,0.2960013273602124
178969,,207,392,1311,0.21752115480338477
178970,João Daniel,356,392,1796,0.29799236767877885
178972,Alex Manente,346,392,1987,0.32968309274929486
178975,Baleia Rossi,324,392,1691,0.2805707648913224
178977,,232,392,1446,0.23992035838725734
178981,,217,392,1182,0.19611747137879543
178982,,40,392,220,0.03650240584038494
178983,Marcio Alvino,360,392,1793,0.2974946075991372
178984,,38,392,239,0.039654886344781815
178985,Miguel Lombardi,359,392,1891,0.31375477020076326
178986,Nilto Tatto,341,392,1840,0.3052928488468558
178987,Orlando Silva,340,392,2275,0.37746806039488967
178989,Renata Abreu,211,392,962,0.15961506553841048
178990,,234,392,1441,0.2390907582545213
178992,Vitor Lippi,344,392,2045,0.33930645428903267
178993,Carlos Henrique Gaguim,336,392,3756,0.6231956197112991
178994,,230,392,1460,0.2422432387589182
178996,,230,392,1312,0.21768707482993196
178997,Moses Rodrigues,310,392,1725,0.28621204579392734
179000,Marcelo Álvaro Antônio,235,392,1005,0.16674962667994028
179001,Márcio Biolchi,346,392,1703,0.28256180520988883
179587,,216,392,1322,0.21934627509540403
180018,,1,392,4,0.000663680106188817
180214,Pastor Diniz,110,392,437,0.07250705160112826
182146,,14,392,83,0.013771362203417953
188097,Merlong Solano,290,392,1586,0.26314916210386596
191923,Flávio Nogueira,348,392,2305,0.3824456611913058
191945,,9,392,25,0.004148000663680106
193726,,232,392,1362,0.22598307615729218
194260,,206,392,1182,0.19611747137879543
195866,,185,392,956,0.15861954537912726
196358,,227,392,1283,0.21287539406006306
197438,,191,392,972,0.16127426580388252
198197,Greyce Elias,289,392,1590,0.26381284221005474
198783,Emanuel Pinheiro Neto,336,392,1802,0.29898788783806207
204011,,1,392,4,0.000663680106188817
204351,Dr. Luiz Ovando,351,392,1938,0.3215530114484818
204352,,227,392,1374,0.22797411647585863
204353,,227,392,1339,0.22216691554670648
204354,,170,392,1057,0.1753774680603949
204355,Da Vitoria,344,392,1730,0.28704164592666337
204356,Amaro Neto,357,392,1804,0.29931972789115646
204357,,230,392,1259,0.20889331342293016
204358,Beto Pereira,329,392,1748,0.29002820640451304
204359,,225,392,1515,0.25136884021901446
204360,Silvia Cristina,353,392,2102,0.34876389580222333
204361,,299,392,1711,0.28388916542226644
204362,Ricardo Guidi,309,392,1532,0.2541894806703169
204363,,215,392,1249,0.2072341131574581
204364,Eli Borges,310,392,1712,0.2840550854488137
204365,Gilson Marques,355,392,2159,0.35822133731541395
204366,,233,392,1482,0.2458934793429567
204367,Daniel Freitas,342,392,1753,0.290857806537249
204368,Fabio Schiochet,336,392,1703,0.28256180520988883
204369,Caroline de Toni,347,392,2432,0.4035175045628007
204370,,224,392,1236,0.20507715281234445
204371,,221,392,1501,0.2490459598473536
204372,Julio Cesar Ribeiro,313,392,1758,0.29168740666998505
204373,,234,392,1381,0.22913555666168905
204374,Bia Kicis,350,392,2222,0.36867429898788784
204375,,216,392,1287,0.21353907416625187
204376,,237,392,1393,0.2311265969802555
204377,,226,392,1617,0.2682926829268293
204378,Coronel Chrisóstomo,350,392,2081,0.345279575244732
204379,Acácio Favacho,301,392,1775,0.29450804712128753
204380,,144,392,730,0.1211216193794591
204381,,236,392,1589,0.26364692218350755
204382,,211,392,1304,0.21635971461755435
204383,,230,392,1384,0.22963331674133067
204384,,68,392,525,0.08710801393728224
204385,,191,392,1108,0.1838393894143023
204386,,231,392,1296,0.2150323544051767
204387,Sargento Fahur,361,392,2029,0.33665173386427744
204388,Bibo Nunes,352,392,1846,0.30628836900613904
204389,,232,392,1471,0.24406835905093746
204390,Professor Alcides,343,392,1971,0.3270283723245396
204391,José Nelto,325,392,1860,0.3086112493777999
204392,,226,392,1390,0.2306288369006139
204393,,223,392,1290,0.21403683424589348
204394,Gervásio Maia,353,392,2111,0.35025717604114814
204395,Pedro Lupion,326,392,1989,0.33001493280238925
204396,Vermelho,332,392,1759,0.29185332669653224
204397,,149,392,892,0.1480006636801062
204398,Felipe Francischini,338,392,2231,0.37016757922681265
204399,,123,392,795,0.13190642110502737
204400,,233,392,1418,0.23527459764393563
204403,,207,392,1183,0.19628339140534262
204404,Lucas Redecker,349,392,2474,0.4104861456777833
204405,,231,392,1715,0.2845528455284553
204406,Pedro Westphalen,346,392,1959,0.3250373320059731
204407,Fernanda Melchionna,336,392,2284,0.3789613406338145
204408,Gustinho Ribeiro,330,392,1709,0.28355732536917205
204409,Daniel Trzeciak,351,392,1809,0.3001493280238925
204410,Luisa Canziani,330,392,1981,0.32868757259001163
204411,Filipe Barros,313,392,1589,0.26364692218350755
204412,Dr. Zacharias Calil,347,392,2119,0.3515845362535258
204413,,220,392,1439,0.23875891820142692
204414,,226,392,1280,0.21237763398042145
204415,,222,392,1439,0.23875891820142692
204416,Sanderson,348,392,2191,0.3635307781649245
204418,,231,392,1539,0.25535092085614736
204419,,322,392,1691,0.2805707648913224
204420,,224,392,1283,0.21287539406006306
204421,,156,392,850,0.14103202256512362
204422,Ossesio Silva,316,392,1832,0.3039654886344782
204423,André Ferreira,306,392,1515,0.25136884021901446
204425,,242,392,1490,0.24722083955533433
204426,Carlos Veras,349,392,2176,0.3610419777667164
204427,Fernando Rodolfo,329,392,1801,0.2988219678115149
204428,,211,392,1209,0.20059731209556994
204429,,110,392,763,0.12659698025551683
204430,,228,392,1374,0.22797411647585863
204431,Marcos Aurélio Sampaio,333,392,1649,0.2736021237763398
204432,,234,392,1356,0.22498755599800896
204433,,172,392,1074,0.17819810851169737
204434,,216,392,1292,0.2143686742989879
204435,,212,392,1289,0.2138709142193463
204436,Isnaldo Bulhões Jr.,269,392,1407,0.23344947735191637
204437,,219,392,1308,0.21702339472374316
204438,,203,392,1244,0.2064045130247221
204439,,220,392,1352,0.22432387589182015
204440,,230,392,1421,0.23577235772357724
204441,Otoni de Paula,337,392,1882,0.3122614899618384
204442,,229,392,1322,0.21934627509540403
204444,Helio Lopes,343,392,1837,0.30479508876721423
204445,Fernando Mineiro,123,392,636,0.1055251368840219
204446,,226,392,1373,0.22780819644931144
204447,,146,392,923,0.15314418450306952
204448,Luiz Antonio Corrêa,258,392,1316,0.2183507549361208
204449,Nelson Barbudo,268,392,1505,0.2497096399535424
204450,Doutor Luizinho,252,392,1573,0.26099220175875226
204451,,233,392,1472,0.24423427907748466
204452,,227,392,1516,0.25153476024556165
204453,Natália Bonavides,348,392,1877,0.31143188982910236
204454,,174,392,1163,0.19296499087439853
204455,Luiz Lima,359,392,2191,0.3635307781649245
204456,Gutemberg Reis,336,392,1741,0.28886676621868257
204457,Juninho do Pneu,325,392,1706,0.28305956528953047
204458,,212,392,1262,0.20939107350257177
204459,Daniela do Waguinho,302,392,1701,0.28222996515679444
204460,Carlos Jordy,328,392,2054,0.34079973452795753
204461,,230,392,1448,0.24025219844035176
204462,Chris Tonietto,301,392,2220,0.36834245893479345
204463,,103,392,726,0.12045793927327028
204464,Talíria Petrone,245,392,1277,0.21187987390077984
204465,,192,392,1111,0.18433714949394392
204466,,208,392,1322,0.21934627509540403
204467,,230,392,1376,0.22830595652895305
204468,,229,392,1567,0.25999668159946904
204469,,92,392,623,0.10336817653890824
204471,,226,392,1308,0.21702339472374316
204472,José Medeiros,340,392,2054,0.34079973452795753
204473,General Girão,339,392,1972,0.32719429235108677
204474,Juarez Costa,302,392,2030,0.33681765389082463
204475,,187,392,1106,0.1835075493612079
204476,,266,392,1564,0.25949892151982745
204477,,230,392,1538,0.2551850008296001
204478,,179,392,1090,0.18085282893645263
204479,Nicoletti,332,392,2474,0.4104861456777833
204480,Rogério Correia,353,392,1994,0.3308445329351253
204481,Dr. Jaziel,318,392,1857,0.3081134892981583
204482,Euclydes Pettersen,298,392,1558,0.2585034013605442
204483,,231,392,1370,0.22731043636966983
204484,,233,392,1665,0.2762568442010951
204485,Luiz Carlos Motta,354,392,1864,0.3092749294839887
204486,Mauro Benevides Filho,312,392,1735,0.28787124605939934
204487,,179,392,986,0.16359714617554338
204488,Célio Studart,337,392,1664,0.2760909241745479
204489,Robério Monteiro,273,392,1587,0.26331508213041316
204490,,229,392,1386,0.22996515679442509
204491,Gilberto Abramo,344,392,1788,0.2966650074664012
204492,Paulo Guedes,343,392,1887,0.3130910900945744
204494,Fred Costa,303,392,1925,0.31939605110336816
204495,Airton Faleiro,336,392,1832,0.3039654886344782
204496,,253,392,1377,0.22847187655550025
204497,Júnior Ferrari,352,392,1762,0.2923510867761739
204498,Olival Marques,319,392,1885,0.31275925004148003
204499,,226,392,1265,0.20988883358221339
204500,,229,392,1448,0.24025219844035176
204501,Alencar Santana,341,392,2429,0.40301974448315914
204502,,220,392,1331,0.22083955533432886
204503,,232,392,1519,0.25203252032520324
204504,Cezinha de Madureira,330,392,2034,0.33748133399701347
204505,,219,392,1241,0.20590675294508048
204506,Marcos Pereira,303,392,1616,0.2681267629002821
204507,Carla Zambelli,301,392,1579,0.2619877219180355
204508,Igor Timo,322,392,1817,0.3014766882362701
204509,,161,392,964,0.1599469055915049
204510,,229,392,1388,0.2302969968475195
204511,David Soares,315,392,1718,0.2850506056080969
204512,Delegado Marcelo Freitas,341,392,2434,0.4038493446158951
204513,,229,392,1315,0.21818483490957358
204514,,228,392,1369,0.2271445163431226
204515,André Janones,330,392,1991,0.33034677285548364
204516,,233,392,1425,0.23643603782976605
204517,Zé Vitor,323,392,1752,0.2906918865107018
204518,Dr. Frederico,337,392,1826,0.302969968475195
204519,,229,392,1422,0.23593827775012444
204520,Junio Amaral,332,392,1936,0.3212211713953874
204521,,227,392,1296,0.2150323544051767
204522,,266,392,1432,0.23759747801559647
204523,,229,392,1379,0.22880371660859466
204524,Pinheirinho,351,392,1846,0.30628836900613904
204525,Rosana Valle,351,392,1833,0.3041314086610254
204526,Luiz Philippe de Orleans e Bragança,348,392,1991,0.33034677285548364
204527,,201,392,1197,0.1986062717770035
204528,Adriana Ventura,350,392,2193,0.3638626182180189
204529,,223,392,1349,0.22382611581217854
204530,,230,392,1365,0.2264808362369338
204531,,229,392,1329,0.22050771528123445
204532,,233,392,1389,0.2304629168740667
204533,,308,392,1806,0.29965156794425085
204534,Tabata Amaral,342,392,2336,0.3875891820142691
204535,Sâmia Bomfim,322,392,2268,0.37630662020905925
204536,Kim Kataguiri,340,392,2573,0.42691222830595654
204537,,217,392,1358,0.22531939605110338
204538,,209,392,1227,0.20358387257341962
204539,Hercílio Coelho Diniz,274,392,2226,0.3693379790940767
204540,Maria Rosas,324,392,1958,0.32487141197942593
204541,,303,392,1964,0.32586693213870915
204542,,219,392,1413,0.2344449975111996
204544,,210,392,1221,0.2025883524141364
204545,,228,392,1400,0.23228803716608595
204546,,206,392,1261,0.20922515347602455
204547,,197,392,1284,0.21304131408661026
204548,,226,392,1296,0.2150323544051767
204549,AJ Albuquerque,335,392,1689,0.280238924838228
204550,Júnior Mano,290,392,1591,0.26397876223660194
204551,,215,392,1231,0.20424755267960842
204552,,115,392,782,0.12974946075991373
204553,Pastor Sargento Isidório,339,392,1816,0.3013107682097229
204554,,216,392,1177,0.1952878712460594
204555,,230,392,1382,0.22930147668823628
204556,,220,392,1248,0.2070681931309109
204557,Sidney Leite,354,392,2403,0.3987058237929318
204558,,220,392,1267,0.21022067363530778
204559,Zé Neto,324,392,1823,0.30247220839555333
204560,Adolfo Viana,305,392,1593,0.2643106022896964
204561,,229,392,1476,0.24489795918367346
204562,,225,392,1338,0.22200099552015928
204563,Josimar Maranhãozinho,240,392,1131,0.187655550024888
204564,,191,392,1145,0.18997843039654885
204565,,215,392,1321,0.2191803550688568
204566,Marreca Filho,297,392,1805,0.29948564791770366
204567,Raimundo Costa,334,392,1670,0.2770864443338311
204569,,223,392,1703,0.28256180520988883
204570,Pastor Gil,306,392,1667,0.2765886842541895
204571,Alex Santana,335,392,1662,0.27575908412145345
204572,Capitão Alberto Neto,348,392,2699,0.4478181516509043
204573,Otto Alencar Filho,351,392,1827,0.30313588850174217
204574,Junior Lourenço,235,392,1100,0.18251202920192466
204575,,220,392,1288,0.21370499419279906
204576,,156,392,1050,0.17421602787456447
205476,Charles Fernandes,346,392,1959,0.3250373320059731
205535,,74,392,436,0.07234113157458105
205548,,199,392,1202,0.1994358719097395
205550,Jorge Braz,348,392,1720,0.2853824456611913
205863,,175,392,1012,0.1679110668657707
205865,Reinhold Stephanes,257,392,1362,0.22598307615729218
206018,Célia Xakriabá,108,392,649,0.10768209722913556
206231,,186,392,1127,0.18699186991869918
207176,,190,392,1116,0.18516674962667995
207309,,100,392,737,0.12228305956528954
208297,,15,392,73,0.01211216193794591
209189,Joseildo Ramos,338,392,1778,0.29500580720092917
209787,Nikolas Ferreira,118,392,792,0.13140866102538576
210989,Bruno Farias,107,392,614,0.1018748962999834
211498,,1,392,4,0.000663680106188817
211866,,14,392,54,0.008959681433549029
212504,,11,392,34,0.005641280902604944
212625,,64,392,303,0.05027376804380289
212749,,91,392,628,0.10419777667164427
213274,,275,392,1710,0.28372324539571925
213679,,43,392,380,0.06304961008793761
213762,Carla Dickson,217,392,1380,0.22896963663514186
213854,,30,392,267,0.04430064708810354
213856,,31,392,282,0.0467894474863116
214445,,28,392,172,0.02853824456611913
214477,,44,392,283,0.0469553675128588
214694,Jorge Goetten,135,392,989,0.164094906255185
214865,,16,392,121,0.020076323212211714
215042,,110,392,575,0.09540401526464244
215043,Josivaldo JP,221,392,1033,0.171395387423262
215044,,114,392,668,0.11083457773353243
215045,,97,392,520,0.0862784138045462
215361,,2,392,13,0.0021569603451136554
216198,,8,392,25,0.004148000663680106
216313,,9,392,26,0.004313920690227311
216544,,45,392,220,0.03650240584038494
216545,,11,392,45,0.007466401194624191
217036,,15,392,52,0.008627841380454622
217330,,39,392,169,0.02804048448647752
217480,,93,392,655,0.10867761738841879
218086,Ely Santos,105,392,576,0.09556993529118965
218245,,33,392,198,0.03285216525634644
218741,,20,392,114,0.018914883026381283
218879,,27,392,176,0.029201924672307946
219568,,11,392,58,0.009623361539737847
219585,,102,392,484,0.08030529284884685
219592,,11,392,91,0.015098722415795587
219599,,11,392,85,0.01410320225651236
219920,,1,392,4,0.000663680106188817
220008,,29,392,215,0.035672805707648914
220526,Gilvan da Federal,111,392,582,0.09656545545047288
220527,Jack Rocha,124,392,575,0.09540401526464244
220528,Dr. Victor Linhalis,112,392,952,0.15795586527293845
220529,Gilson Daniel,124,392,944,0.1566285050605608
220530,Messias Donato,123,392,589,0.0977268956363033
220531,,109,392,455,0.07549361207897794
220532,Rafael Prudente,119,392,460,0.07632321221171395
220533,Prof. Reginaldo Veras,118,392,664,0.11017089762734363
220534,Fred Linhares,123,392,621,0.10303633648581384
220536,Zé Haroldo Cathedral,115,392,1016,0.1685747469719595
220537,Helena Lima,100,392,372,0.06172224987555998
220538,Albuquerque,113,392,578,0.09590177534428405
220539,Defensor Stélio Dener,113,392,717,0.11896465903434544
220540,Duda Ramos,112,392,463,0.07682097229135557
220542,Alexandre Guimarães,101,392,427,0.07084785133565621
220543,Ricardo Ayres,124,392,1003,0.16641778662684586
220544,Antonio Andrade,115,392,469,0.07781649245063879
220545,Filipe Martins,124,392,484,0.08030529284884685
220546,Rodolfo Nogueira,124,392,922,0.15297826447652232
220547,Marcos Pollon,120,392,1256,0.20839555334328855
220548,Camila Jara,118,392,471,0.0781483325037332
220549,Any Ortiz,120,392,519,0.08611249377799901
220550,Mauricio Marcon,123,392,890,0.14766882362701178
220551,Franciane Bayer,113,392,683,0.1133233781317405
220552,Zucco,123,392,848,0.1407001825120292
220553,Denise Pessôa,121,392,710,0.11780321884851501
220554,Alexandre Lindenmeyer,113,392,502,0.08329185332669653
220555,Daiana Santos,108,392,591,0.09805873568939771
220556,Ana Paula Lima,120,392,553,0.09175377468060394
220557,Daniela Reinehr,123,392,689,0.11431889829102372
220558,Zé Trovão,120,392,555,0.09208561473369836
220559,Julia Zanatta,107,392,796,0.1320723411315746
220560,Thiago de Joaldo,108,392,477,0.07914385266301642
220561,Delegada Katarina,116,392,955,0.15845362535258006
220563,Icaro de Valmir,98,392,454,0.07532769205243073
220564,Yandra Moura,88,392,643,0.10668657706985234
220565,Delegada Adriana Accorsi,118,392,514,0.08528289364526298
220566,Lêda Borges,110,392,540,0.0895968143354903
220567,Jeferson Rodrigues,97,392,349,0.05790608926497428
220568,Gustavo Gayer,117,392,532,0.08826945412311266
220569,Silvye Alves,112,392,438,0.07267297162767546
220570,Dr. Ismael Alexandrino,114,392,619,0.10270449643271944
220571,Daniel Agrobom,124,392,645,0.10701841712294674
220572,Marussa Boldrin,122,392,632,0.10486145677783308
220573,Dorinaldo Malafaia,99,392,519,0.08611249377799901
220574,Cabo Gilberto Silva,124,392,1306,0.21669155467064874
220575,,76,392,443,0.07350257176041149
220576,Alfredo Gaspar,124,392,1077,0.17869586859133899
220577,,104,392,504,0.08362369337979095
220578,Josenildo,124,392,622,0.10320225651236105
220579,,109,392,650,0.10784801725568276
220580,,100,392,499,0.08279409324705492
220581,Luciano Amaral,121,392,483,0.08013937282229965
220582,Daniel Barbosa,99,392,476,0.07897793263646923
220583,Delegado Fabio Costa,123,392,855,0.14186162269785962
220584,Murilo Galdino,111,392,697,0.11564625850340136
220585,Mersinho Lucena,103,392,607,0.10071345611415297
220586,Rafael Brito,114,392,577,0.09573585531773685
220587,,85,392,573,0.09507217521154804
220588,Roberto Duarte,115,392,939,0.15579890492782478
220589,Eduardo Velloso,102,392,418,0.06935457109673138
220590,Coronel Ulysses,118,392,592,0.09822465571594491
220591,Meire Serafim,113,392,439,0.07283889165422266
220592,Zezinho Barbary,110,392,456,0.07565953210552513
220593,,74,392,333,0.055251368840219015
220594,Coronel Assis,122,392,844,0.1400365024058404
220595,Coronel Fernanda,111,392,1026,0.17023394723743157
220596,,60,392,274,0.045462087273933964
220597,Thiago Flores,118,392,671,0.11133233781317405
220598,Tarcísio Motta,119,392,886,0.14700514352082297
220599,Marcelo Crivella,121,392,917,0.1521486643437863
220600,,103,392,443,0.07350257176041149
220601,,64,392,278,0.04612576738012278
220602,Dimas Gadelha,123,392,540,0.0895968143354903
220603,Dani Cunha,103,392,651,0.10801393728222997
220604,Marcos Tavares,112,392,732,0.1214534594325535
220605,Bandeira de Mello,120,392,547,0.09075825452132072
220606,Reimont,117,392,723,0.11996017919362867
220607,Max Lemos,122,392,599,0.09938609590177534
220608,Cristiane Lopes,120,392,507,0.08412145345943256
220609,Maurício Carvalho,118,392,566,0.0939107350257176
220610,Dr. Fernando Máximo,113,392,538,0.08926497428239588
220611,General Pazuello,117,392,665,0.11033681765389082
220612,Bebeto,124,392,560,0.09291521486643438
220613,Roberto Monteiro Pai,118,392,888,0.14733698357391736
220614,,44,392,228,0.037829766052762566
220615,Pastor Henrique Vieira,122,392,787,0.13057906089264976
220616,Luciano Vieira,111,392,458,0.07599137215861955
220617,Murillo Gouvea,120,392,540,0.0895968143354903
220618,Sargento Portugal,110,392,840,0.13937282229965156
220619,Delegado Ramagem,124,392,1120,0.18583042973286876
220620,Rosângela Reis,115,392,715,0.11863281898125104
220621,Sargento Gonçalves,124,392,766,0.12709474033515844
220622,Nely Aquino,123,392,611,0.10137713622034179
220623,Duda Salabert,101,392,810,0.13439522150323543
220624,Robinson Faria,120,392,733,0.12161937945910072
220625,Delegada Ione,107,392,666,0.11050273768043803
220626,Rafael Simoes,120,392,537,0.08909905425584869
220627,,75,392,322,0.053426248548199766
220628,Mauricio do Vôlei,113,392,489,0.08113489298158287
220629,Dandara,113,392,486,0.08063713290194126
220630,Pedro Aihara,118,392,978,0.16226978596316574
220631,Samuel Viana,120,392,471,0.0781483325037332
220632,Ana Pimentel,119,392,495,0.0821304131408661
220633,Ricardo Salles,106,392,528,0.08760577401692385
220634,,43,392,175,0.029036004645760744
220635,Bruno Ganem,113,392,424,0.0703500912560146
220638,Antonio Carlos Rodrigues,124,392,687,0.11398705823792932
220639,Guilherme Boulos,120,392,553,0.09175377468060394
220640,Juliana Cardoso,115,392,533,0.08843537414965986
220641,Rodrigo Gambale,119,392,482,0.07997345279575245
220642,Delegado Bruno Lima,58,392,321,0.053260328521652564
220644,Rosangela Moro,117,392,967,0.1604446656711465
220645,Erika Hilton,98,392,445,0.07383441181350589
220646,Felipe Becari,76,392,373,0.06188816990210719
220647,Mauricio Neves,102,392,357,0.059233449477351915
220648,Marangoni,112,392,731,0.12128753940600631
220649,Delegado da Cunha,107,392,745,0.12361041977766717
220650,Paulo Alexandre Barbosa,109,392,481,0.07980753276920524
220651,Simone Marquetto,104,392,437,0.07250705160112826
220652,Delegado Palumbo,119,392,650,0.10784801725568276
220653,Fábio Teruel,118,392,497,0.08246225319396051
220654,Delegado Paulo Bilynskyj,121,392,1018,0.16890658702505393
220655,Mario Frias,118,392,538,0.08926497428239588
220656,Fernanda Pessoa,116,392,820,0.1360544217687075
220657,André Fernandes,109,392,515,0.08544881367181019
220658,Luiz Gastão,119,392,1041,0.17272274763563963
220659,Dayany Bittencourt,105,392,715,0.11863281898125104
220660,Yury do Paredão,102,392,495,0.0821304131408661
220661,Matheus Noronha,113,392,427,0.07084785133565621
220662,Lucas Ramos,122,392,598,0.09922017587522813
220663,Eriberto Medeiros,114,392,669,0.11100049776007964
220664,Guilherme Uchoa,117,392,468,0.07765057242409158
220665,Clarissa Tércio,104,392,410,0.06802721088435375
220666,Coronel Meira,122,392,957,0.15878546540567445
220667,Pedro Campos,112,392,880,0.14600962336153975
220668,Maria Arraes,106,392,683,0.1133233781317405
220669,Lula da Fonte,111,392,412,0.06835905093744815
220670,Iza Arruda,113,392,508,0.08428737348597976
220671,Dilvanda Faro,120,392,548,0.09092417454786793
220672,Henderson Pinto,111,392,499,0.08279409324705492
220673,Delegado Caveira,122,392,968,0.1606105856976937
220674,Dra. Alessandra Haber,108,392,627,0.10403185664509706
220675,Antônio Doido,110,392,423,0.07018417122946739
220676,Andreia Siqueira,97,392,423,0.07018417122946739
220677,Keniston Braga,120,392,464,0.07698689231790277
220681,Fábio Macedo,86,392,350,0.05807200929152149
220682,Tadeu Veneri,121,392,670,0.11116641778662685
220683,Beto Richa,119,392,620,0.10287041645926663
220684,Tião Medeiros,110,392,598,0.09922017587522813
220685,Paulo Litro,112,392,444,0.07366849178695868
220686,Duarte Jr.,123,392,1043,0.17305458768873402
220687,Márcio Honaiser,99,392,597,0.09905425584868094
220688,Dr. Francisco,124,392,593,0.09839057574249212
220689,Detinha,86,392,317,0.05259664841546375
220690,Capitão Alden,122,392,833,0.13821138211382114
220691,Diego Coronel,111,392,774,0.12842210054753608
220692,Dal Barreto,111,392,452,0.07499585199933632
220693,Roberta Roma,110,392,461,0.07648913223826116
220694,Ricardo Maia,120,392,467,0.07748465239754439
220695,Rogéria Santos,116,392,498,0.08262817322050771
220696,Ivoneide Caetano,119,392,484,0.08030529284884685
220697,Jadyel Alencar,112,392,535,0.08876721420275427
220698,,36,392,126,0.020905923344947737
220699,Castro Neto,110,392,555,0.09208561473369836
220700,Florentino Neto,116,392,472,0.0783142525302804
220701,Delegado Matheus Laiola,123,392,676,0.11216193794591008
220702,Geraldo Mendes,85,392,333,0.055251368840219015
220703,Neto Carletto,118,392,618,0.10253857640617223
220704,Carol Dartora,106,392,587,0.09739505558320889
220705,,25,392,219,0.03633648581383773
220706,Padovani,101,392,355,0.058901609424257505
220707,Amanda Gentil,87,392,631,0.10469553675128589
220708,Gabriel Nunes,123,392,497,0.08246225319396051
220712,Fausto Jr.,68,392,324,0.05375808860129418
220713,,83,392,418,0.06935457109673138
220714,Adail Filho,118,392,646,0.10718433714949395
220715,Amom Mandel,106,392,604,0.10021569603451136
221147,,1,392,4,0.000663680106188817
221148,Alfredinho,123,392,491,0.08146673303467729
221149,,1,392,4,0.000663680106188817
221157,,1,392,4,0.000663680106188817
221183,,1,392,4,0.000663680106188817
221328,Adilson Barroso,116,392,466,0.07731873237099718
221329,Ricardo Abrão,44,392,177,0.02936784469885515
221338,Professora Luciene Cavalcante,120,392,791,0.13124274099883856
221339,,82,392,338,0.05608096897295504
221378,,82,392,344,0.05707648913223826
222142,,61,392,344,0.05707648913223826
222429,Luis Carlos Gomes,117,392,518,0.0859465737514518
223128,Rodrigo Estacho,114,392,417,0.06918865107018417
223398,,12,392,57,0.009457441513190641
224117,Gabriel Mota,107,392,418,0.06935457109673138
224333,Welter,104,392,503,0.08345777335324374
225386,,13,392,61,0.01012112161937946
225727,,12,392,78,0.012941762070681932
225730,Enfermeira Ana Paula,43,392,209,0.03467728554836569
226075,,10,392,101,0.01675792268126763
226179,Gisela Simona,92,392,766,0.12709474033515844
226410,,11,392,100,0.016592002654720425
226553,,8,392,61,0.01012112161937946
226708,Allan Garcês,81,392,541,0.0897627343620375
226837,Saulo Pedroso,81,392,421,0.06985233117637299
227275,,12,392,100,0.016592002654720425
227310,,13,392,75,0.012444001991040319
227323,,8,392,62,0.010287041645926663
227324,,11,392,60,0.009955201592832254
227370,,13,392,107,0.017753442840550856
227401,,11,392,74,0.012278081964493114
227433,Douglas Viegas,65,392,252,0.041811846689895474
227660,,61,392,293,0.04861456777833084
227800,,15,392,88,0.014600962336153973
227991,,10,392,106,0.01758752281400365
228272,,9,392,39,0.006470881035340966
228616,,10,392,32,0.005309440849510536
228797,,14,392,108,0.017919362867098058
228837,,13,392,81,0.013439522150323544
228941,,11,392,68,0.011282561805209888
229069,,12,392,59,0.00978928156628505
229082,,10,392,98,0.016260162601626018
229106,,14,392,124,0.020574083291853326
229112,,15,392,77,0.012775842044134728
229225,,14,392,57,0.009457441513190641
229259,,13,392,61,0.01012112161937946
229333,,15,392,108,0.017919362867098058
229432,Luiz Fernando Vampiro,38,392,236,0.0391571262651402
229585,,16,392,90,0.014932802389248382
229939,,14,392,94,0.0155964824954372
230088,,8,392,22,0.0036502405840384933
230177,,9,392,33,0.0054753608760577405
230762,Pastor Claudio Mariano,33,392,127,0.02107184337149494
230764,,22,392,158,0.02621536419445827
230765,Enfermeira Rejane,39,392,152,0.025219844035175045
230767,Rodrigo da Zaeli,39,392,220,0.03650240584038494
230768,Zé Adriano,36,392,146,0.02422432387589182
230957,João Cury,38,392,149,0.024722083955533432
231911,Lenir de Assis,27,392,52,0.008627841380454622
233592,Paulo Lemos,8,392,14,0.0023228803716608595
233594,Rafael Fera,8,392,7,0.0011614401858304297
233598,Samuel Santos,7,392,5,0.0008296001327360213
