id_deputado,deputado,presencas,votacoes_participadas,ganho_por_dia_trabalhado,ganho_por_votacao_participada
62881,Danilo Forte,266,1827,172.93233082706766,25.177887246852762
66179,,221,1248,208.1447963800905,36.85897435897436
66385,Julio Arcoverde,120,519,383.3333333333333,88.6319845857418
66828,Fausto Pinato,329,2028,139.8176291793313,22.682445759368836
67138,,197,1093,233.502538071066,42.086001829826166
68720,,245,1582,187.75510204081633,29.077117572692792
69871,Bacelar,340,2090,135.2941176470588,22.00956937799043
72442,Felipe Carreras,326,1874,141.1042944785276,24.546424759871933
73433,Arlindo Chinaglia,343,1733,134.11078717201167,26.543566070398153
73441,Celso Russomanno,347,1716,132.56484149855908,26.806526806526808
73460,,233,1388,197.42489270386267,33.14121037463977
73463,,78,377,589.7435897435897,122.0159151193634
73466,,232,1490,198.27586206896552,30.87248322147651
73482,,226,1315,203.53982300884957,34.98098859315589
73486,Pompeo de Mattos,342,2181,134.50292397660817,21.091242549289316
73531,Ivan Valente,335,1872,137.3134328358209,24.572649572649574
73579,Alberto Fraga,120,825,383.3333333333333,55.75757575757576
73586,,225,1374,204.44444444444446,33.47889374090247
73604,Rui Falcão,336,2085,136.9047619047619,22.062350119904078
73692,Osmar Terra,313,1984,146.96485623003196,23.18548387096774
73696,,231,1513,199.13419913419912,30.403172504957038
73701,Benedita da Silva,297,1518,154.88215488215488,30.303030303030305
73768,Dilceu Sperafico,121,544,380.1652892561983,84.55882352941177
73772,,215,1209,213.95348837209303,38.0479735318445
73778,Luiz Carlos Hauly,82,359,560.9756097560976,128.13370473537606
73788,Ricardo Barros,247,1478,186.23481781376518,31.123139377537214
73801,Renildo Calheiros,327,1913,140.67278287461772,24.046001045478306
73806,,50,221,920.0,208.1447963800905
73808,,217,1227,211.9815668202765,37.489812550937245
73891,,7,18,6571.428571428572,2555.5555555555557
73943,,227,1430,202.6431718061674,32.16783216783217
74041,Luiz Couto,122,998,377.04918032786884,46.09218436873748
74043,Wellington Roberto,262,1344,175.57251908396947,34.226190476190474
74044,Wilson Santiago,321,1654,143.30218068535825,27.81136638452237
74052,,242,1369,190.08264462809916,33.60116873630387
74057,Alice Portugal,354,2083,129.94350282485877,22.083533365338454
74060,Daniel Almeida,350,1839,131.42857142857142,25.013594344752583
74075,Elcione Barbalho,281,1563,163.70106761565836,29.43058221369162
74079,José Priante,302,1545,152.31788079470198,29.77346278317152
74084,Raimundo Santos,124,505,370.96774193548384,91.08910891089108
74090,Átila Lins,317,1858,145.11041009463722,24.757804090419807
74095,Pauderney Avelino,73,485,630.1369863013699,94.84536082474227
74141,Josias Gomes,153,647,300.65359477124184,71.09737248840804
74156,Leonardo Monteiro,347,2105,132.56484149855908,21.852731591448933
74158,Mário Heringer,310,1804,148.38709677419354,25.49889135254989
74159,Odair Cunha,343,1740,134.11078717201167,26.436781609195403
74160,Patrus Ananias,346,2431,132.9479768786127,18.922254216371865
74161,Reginaldo Lopes,333,1995,138.13813813813815,23.05764411027569
74165,,117,748,393.1623931623932,61.49732620320856
74171,Chico Alencar,124,807,370.96774193548384,57.001239157372986
74200,,158,985,291.1392405063291,46.7005076142132
74212,,43,181,1069.7674418604652,254.14364640883977
74253,Julio Lopes,150,704,306.6666666666667,65.3409090909091
74254,,40,196,1150.0,234.69387755102042
74262,Carlos Sampaio,339,1645,135.69321533923303,27.96352583586626
74270,Gilberto Nascimento,286,1735,160.83916083916083,26.512968299711815
74273,Jefferson Campos,325,1670,141.53846153846155,27.54491017964072
74283,Vicentinho,337,1788,136.49851632047478,25.727069351230426
74299,Leônidas Cristino,325,1931,141.53846153846155,23.82185396167789
74305,,61,411,754.0983606557377,111.92214111922141
74317,Júlio Cesar,343,1699,134.11078717201167,27.07474985285462
74319,,64,382,718.75,120.41884816753927
74352,,210,1216,219.04761904761904,37.828947368421055
74356,Silas Câmara,316,1830,145.56962025316454,25.136612021857925
74366,,224,1487,205.35714285714286,30.93476798924008
74371,Rubens Otoni,340,1989,135.2941176470588,23.127199597787833
74374,Geraldo Resende,118,557,389.8305084745763,82.58527827648115
74376,Vander Loubet,346,1784,132.9479768786127,25.7847533632287
74383,Giacobo,335,1681,137.3134328358209,27.364663890541344
74398,Maria do Rosário,310,1896,148.38709677419354,24.261603375527425
74399,,29,162,1586.2068965517242,283.95061728395063
74400,Paulo Pimenta,265,1389,173.58490566037736,33.117350611951046
74419,,227,1411,202.6431718061674,32.60099220411056
74428,Mendonça Filho,117,926,393.1623931623932,49.676025917926566
74439,,221,1266,208.1447963800905,36.334913112164294
74454,Eunício Oliveira,105,636,438.0952380952381,72.32704402515724
74459,,226,1309,203.53982300884957,35.14132925897632
74467,Damião Feliciano,315,1651,146.03174603174602,27.86190187764991
74471,,222,1255,207.2072072072072,36.65338645418327
74478,Luciano Bivar,233,1275,197.42489270386267,36.07843137254902
74537,Claudio Cajado,338,1847,136.09467455621302,24.905251759610177
74550,João Leão,116,749,396.55172413793105,61.415220293724964
74554,José Rocha,317,1991,145.11041009463722,23.103967855349072
74574,Paulo Magalhães,331,2017,138.97280966767372,22.806147744174517
74585,Lincoln Portela,354,2196,129.94350282485877,20.947176684881605
74646,Aécio Neves,313,1596,146.96485623003196,28.82205513784461
74655,,234,1572,196.5811965811966,29.262086513994912
74693,,163,922,282.2085889570552,49.891540130151846
74696,,64,241,718.75,190.8713692946058
74749,,214,1286,214.9532710280374,35.769828926905134
74784,Luiza Erundina,304,1763,151.31578947368422,26.091888825865002
74806,,62,494,741.9354838709677,93.11740890688259
74848,Jandira Feghali,348,1979,132.183908045977,23.244062657908035
74856,Laura Carneiro,121,1018,380.1652892561983,45.18664047151277
74858,Lindbergh Farias,119,604,386.5546218487395,76.15894039735099
75431,,226,1295,203.53982300884957,35.52123552123552
76874,,232,1288,198.27586206896552,35.714285714285715
80815,Leo Prates,121,568,380.1652892561983,80.98591549295774
81055,Márcio Jerry,275,1537,167.27272727272728,29.92843201040989
81297,,235,1569,195.74468085106383,29.31803696622052
88256,Clodoaldo Magalhães,116,513,396.55172413793105,89.66861598440546
89536,,31,233,1483.8709677419354,197.42489270386267
90201,,224,1358,205.35714285714286,33.87334315169367
90842,,136,847,338.2352941176471,54.30932703659976
91228,Waldemar Oliveira,118,964,389.8305084745763,47.71784232365145
92102,Leur Lomanto Júnior,341,1896,134.89736070381232,24.261603375527425
92172,,109,623,422.0183486238532,73.8362760834671
92346,Eduardo Bolsonaro,292,1727,157.53424657534248,26.635784597568037
92699,Fernando Monteiro,337,1730,136.49851632047478,26.589595375722542
92776,Stefano Aguiar,326,1712,141.1042944785276,26.869158878504674
93083,,228,1266,201.75438596491227,36.334913112164294
98057,Lafayette de Andrada,329,2270,139.8176291793313,20.26431718061674
98148,Cobalchini,124,903,370.96774193548384,50.94130675526024
98615,Ismael,119,518,386.5546218487395,88.8030888030888
100689,,13,83,3538.4615384615386,554.2168674698795
103758,,60,309,766.6666666666666,148.8673139158576
104552,Socorro Neri,121,716,380.1652892561983,64.24581005586592
105534,,14,113,3285.714285714286,407.07964601769913
107283,,283,1576,162.5441696113074,29.18781725888325
107970,Ana Paula Leão,107,474,429.9065420560748,97.0464135021097
108338,,225,1432,204.44444444444446,32.12290502793296
109429,Benes Leocádio,354,1864,129.94350282485877,24.678111587982833
112437,,199,1216,231.15577889447235,37.828947368421055
115200,,17,210,2705.8823529411766,219.04761904761904
115746,,219,1193,210.0456621004566,38.558256496228
116379,,242,1621,190.08264462809916,28.3775447254781
118594,,27,187,1703.7037037037037,245.98930481283423
121948,Adriano do Baldy,351,1803,131.05413105413106,25.513033832501385
122158,Pedro Paulo,261,1415,176.24521072796935,32.50883392226148
122195,,65,381,707.6923076923077,120.73490813648294
122466,,40,328,1150.0,140.2439024390244
122974,Pedro Lucas Fernandes,335,1781,137.3134328358209,25.82818641212802
123086,Átila Lira,119,884,386.5546218487395,52.036199095022624
123756,Antônia Lúcia,112,743,410.7142857142857,61.911170928667566
128760,,102,694,450.98039215686276,66.28242074927954
129618,,27,118,1703.7037037037037,389.8305084745763
132504,,239,1346,192.46861924686192,34.17533432392273
133373,,1,4,46000.0,11500.0
133439,André Figueiredo,356,2135,129.2134831460674,21.54566744730679
133810,Marcelo Moraes,339,1742,135.69321533923303,26.40642939150402
133968,,222,1459,207.2072072072072,31.528444139821797
134812,,109,725,422.0183486238532,63.44827586206897
135054,,229,1267,200.87336244541484,36.30623520126282
136811,Afonso Hamm,333,1652,138.13813813813815,27.84503631961259
137070,Vicentinho Júnior,301,1613,152.82392026578074,28.51828890266584
138286,Luciano Alves,72,292,638.8888888888889,157.53424657534248
139285,Lídice da Mata,341,2064,134.89736070381232,22.286821705426355
141335,,225,1260,204.44444444444446,36.507936507936506
141372,,111,555,414.4144144144144,82.88288288288288
141379,,1,4,46000.0,11500.0
141391,Arnaldo Jardim,343,1794,134.11078717201167,25.641025641025642
141398,Carlos Zarattini,345,1754,133.33333333333334,26.225769669327253
141401,,163,1056,282.2085889570552,43.56060606060606
141405,,224,1266,205.35714285714286,36.334913112164294
141408,Cleber Verde,322,1740,142.85714285714286,26.436781609195403
141411,Dagoberto Nogueira,340,1811,135.2941176470588,25.400331308669244
141417,,194,1141,237.11340206185568,40.31551270815074
141421,Eduardo da Fonte,328,1651,140.2439024390244,27.86190187764991
141422,,204,1216,225.49019607843138,37.828947368421055
141427,,224,1277,205.35714285714286,36.02192638997651
141428,,41,272,1121.9512195121952,169.11764705882354
141431,Fernando Coelho Filho,340,1651,135.2941176470588,27.86190187764991
141434,,227,1264,202.6431718061674,36.392405063291136
141439,,225,1367,204.44444444444446,33.65032918800293
141450,Hugo Leal,316,2033,145.56962025316454,22.626660108214462
141456,Jilmar Tatto,123,470,373.9837398373984,97.87234042553192
141458,João Carlos Bacelar,322,1670,142.85714285714286,27.54491017964072
141459,João Maia,343,1820,134.11078717201167,25.274725274725274
141464,José Airton Félix Cirilo,338,1674,136.09467455621302,27.479091995221026
141470,José Guimarães,347,2225,132.56484149855908,20.674157303370787
141478,,44,184,1045.4545454545455,250.0
141480,,124,642,370.96774193548384,71.65109034267913
141485,Luiz Carlos Busato,115,545,400.0,84.40366972477064
141487,Luiz Fernando Faria,115,435,400.0,105.74712643678161
141488,,231,1502,199.13419913419912,30.62583222370173
141508,,228,1421,201.75438596491227,32.371569317382125
141513,,209,1392,220.0956937799043,33.04597701149425
141515,,67,301,686.5671641791045,152.82392026578074
141516,Paulo Abi-Ackel,323,1833,142.41486068111456,25.095471903982542
141518,Paulinho da Força,251,1390,183.26693227091633,33.093525179856115
141523,,231,1401,199.13419913419912,32.83369022127052
141531,Rodrigo de Castro,337,1669,136.49851632047478,27.56141402037148
141533,Rodrigo Rollemberg,8,48,5750.0,958.3333333333334
141552,,47,238,978.7234042553191,193.27731092436974
141553,,225,1333,204.44444444444446,34.508627156789196
141555,Vinicius Carvalho,322,1727,142.85714285714286,26.635784597568037
143084,Tiago Dimas,238,1337,193.27731092436974,34.405385190725504
143632,Domingos Neto,287,1554,160.2787456445993,29.6010296010296
143942,Caio Vianna,55,202,836.3636363636364,227.72277227722773
146307,,215,1245,213.95348837209303,36.94779116465863
146788,,224,1313,205.35714285714286,35.034272658035036
150418,Márcio Marinho,337,1776,136.49851632047478,25.9009009009009
151208,,218,1257,211.0091743119266,36.5950676213206
152605,Glauber Braga,349,2006,131.8051575931232,22.93120638085743
152610,,213,1299,215.96244131455398,35.411855273287145
153423,Renilce Nicodemos,98,602,469.38775510204084,76.41196013289037
154178,,230,1288,200.0,35.714285714285715
154919,,16,107,2875.0,429.9065420560748
156190,Marcel van Hattem,354,2043,129.94350282485877,22.515907978463044
157130,Túlio Gadêlha,341,2014,134.89736070381232,22.840119165839127
159237,,57,341,807.0175438596491,134.89736070381232
160161,,118,572,389.8305084745763,80.41958041958041
160508,,215,1249,213.95348837209303,36.82946357085669
160510,Luis Tibé,279,1485,164.87455197132616,30.976430976430976
160511,,224,1280,205.35714285714286,35.9375
160512,Aureo Ribeiro,335,2320,137.3134328358209,19.82758620689655
160517,Paulo Folletto,139,698,330.9352517985611,65.9025787965616
160518,Weliton Prado,354,2153,129.94350282485877,21.365536460752438
160527,Aguinaldo Ribeiro,306,1731,150.32679738562092,26.57423454650491
160528,,221,1387,208.1447963800905,33.16510454217736
160531,,224,1400,205.35714285714286,32.857142857142854
160532,,203,1162,226.60098522167488,39.586919104991395
160534,,228,1364,201.75438596491227,33.72434017595308
160535,Marcon,340,1695,135.2941176470588,27.13864306784661
160538,Bohn Gass,348,1779,132.183908045977,25.857223159078135
160541,Arthur Lira,273,1353,168.4981684981685,33.99852180339985
160542,,33,240,1393.939393939394,191.66666666666666
160545,,311,1748,147.90996784565917,26.31578947368421
160548,Jonas Donizette,122,526,377.04918032786884,87.45247148288973
160552,Danrlei de Deus Hinterholz,216,1225,212.96296296296296,37.55102040816327
160553,Antonio Brito,359,1739,128.13370473537606,26.45198389879241
160556,Padre João,351,2114,131.05413105413106,21.759697256385998
160558,Paulo Freire Costa,320,1577,143.75,29.169308814204186
160559,Alceu Moreira,339,1857,135.69321533923303,24.771136241249327
160561,,20,34,2300.0,1352.9411764705883
160569,Waldenor Pereira,330,1763,139.3939393939394,26.091888825865002
160570,,210,1222,219.04761904761904,37.64320785597381
160575,Erika Kokay,354,2608,129.94350282485877,17.63803680981595
160587,,228,1485,201.75438596491227,30.976430976430976
160588,Diego Andrade,327,1657,140.67278287461772,27.76101388050694
160589,,209,1160,220.0956937799043,39.6551724137931
160591,Vinicius Gurgel,210,985,219.04761904761904,46.7005076142132
160592,Zeca Dirceu,336,1789,136.9047619047619,25.712688652878704
160598,Flávia Morais,342,2112,134.50292397660817,21.78030303030303
160599,Dimas Fabiano,353,1764,130.31161473087818,26.077097505668934
160600,Arthur Oliveira Maia,309,2046,148.8673139158576,22.482893450635387
160601,Pr. Marco Feliciano,328,2303,140.2439024390244,19.97394702561876
160604,Pedro Uczai,334,1835,137.7245508982036,25.068119891008173
160610,Valmir Assunção,343,1729,134.11078717201167,26.604973973395026
160619,,199,1081,231.15577889447235,42.5531914893617
160621,,62,339,741.9354838709677,135.69321533923303
160629,Romero Rodrigues,124,465,370.96774193548384,98.9247311827957
160632,Zé Silva,325,1722,141.53846153846155,26.713124274099883
160635,Ruy Carneiro,298,1566,154.36241610738256,29.374201787994892
160639,,218,1341,211.0091743119266,34.3027591349739
160640,Eros Biondini,319,1722,144.20062695924764,26.713124274099883
160641,Professora Marcivania,240,1427,191.66666666666666,32.235459004905394
160642,Pastor Eurico,324,2194,141.97530864197532,20.96627164995442
160645,,177,1106,259.88700564971754,41.59132007233273
160651,,204,1256,225.49019607843138,36.62420382165605
160653,,229,1398,200.87336244541484,32.904148783977114
160655,,215,1322,213.95348837209303,34.79576399394856
160665,Augusto Coutinho,346,1873,132.9479768786127,24.559530165509877
160666,Félix Mendonça Júnior,346,2045,132.9479768786127,22.493887530562347
160667,,181,1084,254.14364640883977,42.435424354243544
160669,,208,1254,221.15384615384616,36.68261562998405
160673,Giovani Cherini,345,1826,133.33333333333334,25.191675794085434
160674,Hugo Motta,324,1633,141.97530864197532,28.169014084507044
160758,Domingos Sávio,341,1986,134.89736070381232,23.162134944612287
160976,Tiririca,331,1650,138.97280966767372,27.87878787878788
161440,Pezenti,123,473,373.9837398373984,97.25158562367865
161550,Emidinho Madeira,317,1625,145.11041009463722,28.307692307692307
162067,Kiko Celeguim,121,630,380.1652892561983,73.01587301587301
162332,Luiz Nishimori,314,1606,146.4968152866242,28.642590286425904
163321,Ronaldo Nogueira,77,366,597.4025974025974,125.68306010928961
164359,,222,1250,207.2072072072072,36.8
164360,,248,1507,185.48387096774192,30.524220305242203
165470,Rodrigo Valadares,115,663,400.0,69.3815987933635
166402,Magda Mofatto,326,1776,141.1042944785276,25.9009009009009
167614,,1,4,46000.0,11500.0
168175,,1,4,46000.0,11500.0
171139,,8,25,5750.0,1840.0
171617,Paulão,340,1719,135.2941176470588,26.75974403723095
171619,,113,739,407.07964601769913,62.24627875507443
171623,Fabio Reis,269,1412,171.00371747211895,32.577903682719544
171786,Miguel Ângelo,109,581,422.0183486238532,79.17383820998279
175765,Ribamar Silva,38,136,1210.5263157894738,338.2352941176471
177282,,230,1532,200.0,30.026109660574413
178825,,138,756,333.3333333333333,60.84656084656085
178829,Capitão Augusto,356,2072,129.2134831460674,22.2007722007722
178830,,79,585,582.2784810126582,78.63247863247864
178831,André Abdon,234,1272,196.5811965811966,36.16352201257862
178832,,232,1437,198.27586206896552,32.011134307585245
178833,,106,702,433.9622641509434,65.52706552706553
178835,Afonso Motta,352,2162,130.6818181818182,21.27659574468085
178836,,217,1241,211.9815668202765,37.0668815471394
178839,,197,1169,233.502538071066,39.34987168520102
178842,,105,694,438.0952380952381,66.28242074927954
178843,Marx Beltrão,340,1846,135.2941176470588,24.918743228602384
178844,,119,746,386.5546218487395,61.66219839142091
178854,Elmar Nascimento,305,1561,150.81967213114754,29.468289557975655
178857,Jorge Solla,336,1926,136.9047619047619,23.883696780893043
178858,Mário Negromonte Jr.,335,1755,137.3134328358209,26.210826210826212
178860,Paulo Azi,334,1840,137.7245508982036,25.0
178861,,224,1298,205.35714285714286,35.43913713405239
178862,,64,310,718.75,148.38709677419354
178863,,209,1194,220.0956937799043,38.52596314907873
178866,Luizianne Lins,308,1615,149.35064935064935,28.48297213622291
178868,,12,56,3833.3333333333335,821.4285714285714
178871,Evair Vieira de Melo,344,2417,133.72093023255815,19.031857674803476
178873,Helder Salomão,348,2323,132.183908045977,19.801980198019802
178874,,116,741,396.55172413793105,62.07827260458839
178876,Célio Silveira,339,1849,135.69321533923303,24.878312601406165
178879,,210,1262,219.04761904761904,36.450079239302696
178881,Aluisio Mendes,329,2507,139.8176291793313,18.34862385321101
178882,,223,1212,206.2780269058296,37.95379537953795
178884,Hildo Rocha,259,1713,177.6061776061776,26.85347343841214
178886,Juscelino Filho,243,1327,189.30041152263374,34.6646571213263
178887,Rubens Pereira Júnior,232,1531,198.27586206896552,30.045721750489875
178888,,20,123,2300.0,373.9837398373984
178889,,218,1257,211.0091743119266,36.5950676213206
178895,Misael Varella,311,1744,147.90996784565917,26.376146788990827
178896,Newton Cardoso Jr,314,1653,146.4968152866242,27.828191167574108
178901,,41,253,1121.9512195121952,181.8181818181818
178905,,28,117,1642.857142857143,393.1623931623932
178908,Delegado Éder Mauro,330,1829,139.3939393939394,25.150355385456535
178909,,265,1495,173.58490566037736,30.76923076923077
178910,Joaquim Passarinho,355,1827,129.57746478873239,25.177887246852762
178912,,186,1084,247.31182795698925,42.435424354243544
178916,,225,1259,204.44444444444446,36.53693407466243
178920,,207,1132,222.22222222222223,40.63604240282685
178921,,190,1066,242.10526315789474,43.151969981238274
178922,,221,1320,208.1447963800905,34.84848484848485
178923,,1,4,46000.0,11500.0
178924,,179,1068,256.98324022346367,43.07116104868914
178925,,226,1419,203.53982300884957,32.41719520789288
178927,Aliel Machado,329,1899,139.8176291793313,24.223275408109533
178928,,234,1349,196.5811965811966,34.099332839140104
178929,Diego Garcia,354,2674,129.94350282485877,17.202692595362752
178930,,179,1103,256.98324022346367,41.70444242973708
178931,Luciano Ducci,338,1785,136.09467455621302,25.7703081232493
178933,Sergio Souza,332,1784,138.55421686746988,25.7847533632287
178934,Toninho Wandscheer,320,1814,143.75,25.35832414553473
178935,,63,295,730.1587301587301,155.9322033898305
178937,Altineu Côrtes,213,939,215.96244131455398,48.98828541001065
178939,,214,1342,214.9532710280374,34.277198211624444
178943,Marcos Soares,166,991,277.10843373493975,46.41775983854692
178945,,218,1213,211.0091743119266,37.92250618301731
178946,Soraya Santos,322,2064,142.85714285714286,22.286821705426355
178947,Sóstenes Cavalcante,345,1820,133.33333333333334,25.274725274725274
178948,,209,1249,220.0956937799043,36.82946357085669
178951,,223,1360,206.2780269058296,33.8235294117647
178952,,222,1261,207.2072072072072,36.47898493259318
178953,,225,1247,204.44444444444446,36.888532477947074
178954,Lucio Mosquini,329,1622,139.8176291793313,28.360049321824906
178956,,214,1359,214.9532710280374,33.84841795437822
178959,,221,1540,208.1447963800905,29.87012987012987
178961,,207,1165,222.22222222222223,39.48497854077253
178962,,271,1395,169.74169741697418,32.97491039426523
178963,Covatti Filho,212,1056,216.9811320754717,43.56060606060606
178964,Heitor Schuch,315,1749,146.03174603174602,26.300743281875356
178966,Geovania de Sá,336,1784,136.9047619047619,25.7847533632287
178969,,207,1311,222.22222222222223,35.08771929824562
178970,João Daniel,356,1796,129.2134831460674,25.612472160356347
178972,Alex Manente,346,1987,132.9479768786127,23.15047810770005
178975,Baleia Rossi,324,1691,141.97530864197532,27.202838557066823
178977,,232,1446,198.27586206896552,31.811894882434302
178981,,217,1182,211.9815668202765,38.917089678511
178982,,40,220,1150.0,209.0909090909091
178983,Marcio Alvino,360,1793,127.77777777777777,25.655326268823202
178984,,38,239,1210.5263157894738,192.46861924686192
178985,Miguel Lombardi,359,1891,128.13370473537606,24.325753569539927
178986,Nilto Tatto,341,1840,134.89736070381232,25.0
178987,Orlando Silva,340,2275,135.2941176470588,20.21978021978022
178989,Renata Abreu,211,962,218.00947867298578,47.817047817047815
178990,,234,1441,196.5811965811966,31.922276197085356
178992,Vitor Lippi,344,2045,133.72093023255815,22.493887530562347
178993,Carlos Henrique Gaguim,336,3756,136.9047619047619,12.247071352502662
178994,,230,1460,200.0,31.506849315068493
178996,,230,1312,200.0,35.0609756097561
178997,Moses Rodrigues,310,1725,148.38709677419354,26.666666666666668
179000,Marcelo Álvaro Antônio,235,1005,195.74468085106383,45.77114427860697
179001,Márcio Biolchi,346,1703,132.9479768786127,27.011156782149147
179587,,216,1322,212.96296296296296,34.79576399394856
180018,,1,4,46000.0,11500.0
180214,Pastor Diniz,110,437,418.1818181818182,105.26315789473684
182146,,14,83,3285.714285714286,554.2168674698795
188097,Merlong Solano,290,1586,158.6206896551724,29.003783102143757
191923,Flávio Nogueira,348,2305,132.183908045977,19.95661605206074
191945,,9,25,5111.111111111111,1840.0
193726,,232,1362,198.27586206896552,33.773861967694565
194260,,206,1182,223.3009708737864,38.917089678511
195866,,185,956,248.64864864864865,48.11715481171548
196358,,227,1283,202.6431718061674,35.85346843335932
197438,,191,972,240.83769633507853,47.325102880658434
198197,Greyce Elias,289,1590,159.16955017301038,28.930817610062892
198783,Emanuel Pinheiro Neto,336,1802,136.9047619047619,25.527192008879023
204011,,1,4,46000.0,11500.0
204351,Dr. Luiz Ovando,351,1938,131.05413105413106,23.735810113519094
204352,,227,1374,202.6431718061674,33.47889374090247
204353,,227,1339,202.6431718061674,34.35399551904406
204354,,170,1057,270.5882352941176,43.519394512771996
204355,Da Vitoria,344,1730,133.72093023255815,26.589595375722542
204356,Amaro Neto,357,1804,128.8515406162465,25.49889135254989
204357,,230,1259,200.0,36.53693407466243
204358,Beto Pereira,329,1748,139.8176291793313,26.31578947368421
204359,,225,1515,204.44444444444446,30.363036303630363
204360,Silvia Cristina,353,2102,130.31161473087818,21.883920076117985
204361,,299,1711,153.84615384615384,26.884862653419052
204362,Ricardo Guidi,309,1532,148.8673139158576,30.026109660574413
204363,,215,1249,213.95348837209303,36.82946357085669
204364,Eli Borges,310,1712,148.38709677419354,26.869158878504674
204365,Gilson Marques,355,2159,129.57746478873239,21.306160259379343
204366,,233,1482,197.42489270386267,31.039136302294196
204367,Daniel Freitas,342,1753,134.50292397660817,26.240730176839705
204368,Fabio Schiochet,336,1703,136.9047619047619,27.011156782149147
204369,Caroline de Toni,347,2432,132.56484149855908,18.914473684210527
204370,,224,1236,205.35714285714286,37.2168284789644
204371,,221,1501,208.1447963800905,30.646235842771485
204372,Julio Cesar Ribeiro,313,1758,146.96485623003196,26.16609783845279
204373,,234,1381,196.5811965811966,33.3091962346126
204374,Bia Kicis,350,2222,131.42857142857142,20.702070207020704
204375,,216,1287,212.96296296296296,35.74203574203574
204376,,237,1393,194.0928270042194,33.022254127781764
204377,,226,1617,203.53982300884957,28.44774273345702
204378,Coronel Chrisóstomo,350,2081,131.42857142857142,22.104757328207594
204379,Acácio Favacho,301,1775,152.82392026578074,25.91549295774648
204380,,144,730,319.44444444444446,63.013698630136986
204381,,236,1589,194.91525423728814,28.9490245437382
204382,,211,1304,218.00947867298578,35.2760736196319
204383,,230,1384,200.0,33.23699421965318
204384,,68,525,676.4705882352941,87.61904761904762
204385,,191,1108,240.83769633507853,41.51624548736462
204386,,231,1296,199.13419913419912,35.49382716049383
204387,Sargento Fahur,361,2029,127.42382271468144,22.671266633809758
204388,Bibo Nunes,352,1846,130.6818181818182,24.918743228602384
204389,,232,1471,198.27586206896552,31.271244051665533
204390,Professor Alcides,343,1971,134.11078717201167,23.338406900050735
204391,José Nelto,325,1860,141.53846153846155,24.731182795698924
204392,,226,1390,203.53982300884957,33.093525179856115
204393,,223,1290,206.2780269058296,35.65891472868217
204394,Gervásio Maia,353,2111,130.31161473087818,21.790620558976787
204395,Pedro Lupion,326,1989,141.1042944785276,23.127199597787833
204396,Vermelho,332,1759,138.55421686746988,26.151222285389427
204397,,149,892,308.7248322147651,51.5695067264574
204398,Felipe Francischini,338,2231,136.09467455621302,20.61855670103093
204399,,123,795,373.9837398373984,57.861635220125784
204400,,233,1418,197.42489270386267,32.44005641748942
204403,,207,1183,222.22222222222223,38.88419273034658
204404,Lucas Redecker,349,2474,131.8051575931232,18.593371059013744
204405,,231,1715,199.13419913419912,26.82215743440233
204406,Pedro Westphalen,346,1959,132.9479768786127,23.481368044920877
204407,Fernanda Melchionna,336,2284,136.9047619047619,20.140105078809107
204408,Gustinho Ribeiro,330,1709,139.3939393939394,26.916325336454065
204409,Daniel Trzeciak,351,1809,131.05413105413106,25.42841348811498
204410,Luisa Canziani,330,1981,139.3939393939394,23.220595658758203
204411,Filipe Barros,313,1589,146.96485623003196,28.9490245437382
204412,Dr. Zacharias Calil,347,2119,132.56484149855908,21.708352996696554
204413,,220,1439,209.0909090909091,31.966643502432245
204414,,226,1280,203.53982300884957,35.9375
204415,,222,1439,207.2072072072072,31.966643502432245
204416,Sanderson,348,2191,132.183908045977,20.994979461433136
204418,,231,1539,199.13419913419912,29.889538661468485
204419,,322,1691,142.85714285714286,27.202838557066823
204420,,224,1283,205.35714285714286,35.85346843335932
204421,,156,850,294.87179487179486,54.11764705882353
204422,Ossesio Silva,316,1832,145.56962025316454,25.109170305676855
204423,André Ferreira,306,1515,150.32679738562092,30.363036303630363
204425,,242,1490,190.08264462809916,30.87248322147651
204426,Carlos Veras,349,2176,131.8051575931232,21.139705882352942
204427,Fernando Rodolfo,329,1801,139.8176291793313,25.541365907828983
204428,,211,1209,218.00947867298578,38.0479735318445
204429,,110,763,418.1818181818182,60.28833551769332
204430,,228,1374,201.75438596491227,33.47889374090247
204431,Marcos Aurélio Sampaio,333,1649,138.13813813813815,27.895694360218315
204432,,234,1356,196.5811965811966,33.92330383480826
204433,,172,1074,267.4418604651163,42.83054003724395
204434,,216,1292,212.96296296296296,35.60371517027864
204435,,212,1289,216.9811320754717,35.68657874321179
204436,Isnaldo Bulhões Jr.,269,1407,171.00371747211895,32.69367448471926
204437,,219,1308,210.0456621004566,35.16819571865443
204438,,203,1244,226.60098522167488,36.97749196141479
204439,,220,1352,209.0909090909091,34.023668639053255
204440,,230,1421,200.0,32.371569317382125
204441,Otoni de Paula,337,1882,136.49851632047478,24.442082890541975
204442,,229,1322,200.87336244541484,34.79576399394856
204444,Helio Lopes,343,1837,134.11078717201167,25.040827436037016
204445,Fernando Mineiro,123,636,373.9837398373984,72.32704402515724
204446,,226,1373,203.53982300884957,33.50327749453751
204447,,146,923,315.06849315068496,49.83748645720477
204448,Luiz Antonio Corrêa,258,1316,178.29457364341084,34.954407294832826
204449,Nelson Barbudo,268,1505,171.6417910447761,30.564784053156146
204450,Doutor Luizinho,252,1573,182.53968253968253,29.243483788938335
204451,,233,1472,197.42489270386267,31.25
204452,,227,1516,202.6431718061674,30.34300791556728
204453,Natália Bonavides,348,1877,132.183908045977,24.507192328183272
204454,,174,1163,264.367816091954,39.55288048151333
204455,Luiz Lima,359,2191,128.13370473537606,20.994979461433136
204456,Gutemberg Reis,336,1741,136.9047619047619,26.421596783457783
204457,Juninho do Pneu,325,1706,141.53846153846155,26.963657678780773
204458,,212,1262,216.9811320754717,36.450079239302696
204459,Daniela do Waguinho,302,1701,152.31788079470198,27.04291593180482
204460,Carlos Jordy,328,2054,140.2439024390244,22.395326192794546
204461,,230,1448,200.0,31.76795580110497
204462,Chris Tonietto,301,2220,152.82392026578074,20.72072072072072
204463,,103,726,446.6019417475728,63.36088154269972
204464,Talíria Petrone,245,1277,187.75510204081633,36.02192638997651
204465,,192,1111,239.58333333333334,41.40414041404141
204466,,208,1322,221.15384615384616,34.79576399394856
204467,,230,1376,200.0,33.43023255813954
204468,,229,1567,200.87336244541484,29.35545628589662
204469,,92,623,500.0,73.8362760834671
204471,,226,1308,203.53982300884957,35.16819571865443
204472,José Medeiros,340,2054,135.2941176470588,22.395326192794546
204473,General Girão,339,1972,135.69321533923303,23.32657200811359
204474,Juarez Costa,302,2030,152.31788079470198,22.660098522167488
204475,,187,1106,245.98930481283423,41.59132007233273
204476,,266,1564,172.93233082706766,29.41176470588235
204477,,230,1538,200.0,29.90897269180754
204478,,179,1090,256.98324022346367,42.20183486238532
204479,Nicoletti,332,2474,138.55421686746988,18.593371059013744
204480,Rogério Correia,353,1994,130.31161473087818,23.069207622868607
204481,Dr. Jaziel,318,1857,144.65408805031447,24.771136241249327
204482,Euclydes Pettersen,298,1558,154.36241610738256,29.525032092426187
204483,,231,1370,199.13419913419912,33.57664233576642
204484,,233,1665,197.42489270386267,27.62762762762763
204485,Luiz Carlos Motta,354,1864,129.94350282485877,24.678111587982833
204486,Mauro Benevides Filho,312,1735,147.43589743589743,26.512968299711815
204487,,179,986,256.98324022346367,46.65314401622718
204488,Célio Studart,337,1664,136.49851632047478,27.64423076923077
204489,Robério Monteiro,273,1587,168.4981684981685,28.985507246376812
204490,,229,1386,200.87336244541484,33.18903318903319
204491,Gilberto Abramo,344,1788,133.72093023255815,25.727069351230426
204492,Paulo Guedes,343,1887,134.11078717201167,24.377318494965554
204494,Fred Costa,303,1925,151.8151815181518,23.896103896103895
204495,Airton Faleiro,336,1832,136.9047619047619,25.109170305676855
204496,,253,1377,181.8181818181818,33.40595497458243
204497,Júnior Ferrari,352,1762,130.6818181818182,26.106696935300796
204498,Olival Marques,319,1885,144.20062695924764,24.40318302387268
204499,,226,1265,203.53982300884957,36.36363636363637
204500,,229,1448,200.87336244541484,31.76795580110497
204501,Alencar Santana,341,2429,134.89736070381232,18.937834499794153
204502,,220,1331,209.0909090909091,34.560480841472575
204503,,232,1519,198.27586206896552,30.283080974325213
204504,Cezinha de Madureira,330,2034,139.3939393939394,22.615535889872174
204505,,219,1241,210.0456621004566,37.0668815471394
204506,Marcos Pereira,303,1616,151.8151815181518,28.465346534653467
204507,Carla Zambelli,301,1579,152.82392026578074,29.132362254591513
204508,Igor Timo,322,1817,142.85714285714286,25.31645569620253
204509,,161,964,285.7142857142857,47.71784232365145
204510,,229,1388,200.87336244541484,33.14121037463977
204511,David Soares,315,1718,146.03174603174602,26.77532013969732
204512,Delegado Marcelo Freitas,341,2434,134.89736070381232,18.898931799506986
204513,,229,1315,200.87336244541484,34.98098859315589
204514,,228,1369,201.75438596491227,33.60116873630387
204515,André Janones,330,1991,139.3939393939394,23.103967855349072
204516,,233,1425,197.42489270386267,32.280701754385966
204517,Zé Vitor,323,1752,142.41486068111456,26.255707762557076
204518,Dr. Frederico,337,1826,136.49851632047478,25.191675794085434
204519,,229,1422,200.87336244541484,32.34880450070324
204520,Junio Amaral,332,1936,138.55421686746988,23.760330578512395
204521,,227,1296,202.6431718061674,35.49382716049383
204522,,266,1432,172.93233082706766,32.12290502793296
204523,,229,1379,200.87336244541484,33.35750543872371
204524,Pinheirinho,351,1846,131.05413105413106,24.918743228602384
204525,Rosana Valle,351,1833,131.05413105413106,25.095471903982542
204526,Luiz Philippe de Orleans e Bragança,348,1991,132.183908045977,23.103967855349072
204527,,201,1197,228.85572139303483,38.42940685045948
204528,Adriana Ventura,350,2193,131.42857142857142,20.975832193342452
204529,,223,1349,206.2780269058296,34.099332839140104
204530,,230,1365,200.0,33.6996336996337
204531,,229,1329,200.87336244541484,34.612490594431904
204532,,233,1389,197.42489270386267,33.117350611951046
204533,,308,1806,149.35064935064935,25.47065337763012
204534,Tabata Amaral,342,2336,134.50292397660817,19.69178082191781
204535,Sâmia Bomfim,322,2268,142.85714285714286,20.282186948853617
204536,Kim Kataguiri,340,2573,135.2941176470588,17.877963466770307
204537,,217,1358,211.9815668202765,33.87334315169367
204538,,209,1227,220.0956937799043,37.489812550937245
204539,Hercílio Coelho Diniz,274,2226,167.8832116788321,20.664869721473494
204540,Maria Rosas,324,1958,141.97530864197532,23.493360572012257
204541,,303,1964,151.8151815181518,23.421588594704684
204542,,219,1413,210.0456621004566,32.554847841472046
204544,,210,1221,219.04761904761904,37.67403767403768
204545,,228,1400,201.75438596491227,32.857142857142854
204546,,206,1261,223.3009708737864,36.47898493259318
204547,,197,1284,233.502538071066,35.82554517133956
204548,,226,1296,203.53982300884957,35.49382716049383
204549,AJ Albuquerque,335,1689,137.3134328358209,27.23505032563647
204550,Júnior Mano,290,1591,158.6206896551724,28.912633563796355
204551,,215,1231,213.95348837209303,37.36799350121852
204552,,115,782,400.0,58.8235294117647
204553,Pastor Sargento Isidório,339,1816,135.69321533923303,25.330396475770925
204554,,216,1177,212.96296296296296,39.082412914188616
204555,,230,1382,200.0,33.28509406657019
204556,,220,1248,209.0909090909091,36.85897435897436
204557,Sidney Leite,354,2403,129.94350282485877,19.14273824386184
204558,,220,1267,209.0909090909091,36.30623520126282
204559,Zé Neto,324,1823,141.97530864197532,25.233132199670873
204560,Adolfo Viana,305,1593,150.81967213114754,28.876333961079723
204561,,229,1476,200.87336244541484,31.165311653116532
204562,,225,1338,204.44444444444446,34.379671150971596
204563,Josimar Maranhãozinho,240,1131,191.66666666666666,40.671971706454464
204564,,191,1145,240.83769633507853,40.17467248908297
204565,,215,1321,213.95348837209303,34.8221044663134
204566,Marreca Filho,297,1805,154.88215488215488,25.484764542936286
204567,Raimundo Costa,334,1670,137.7245508982036,27.54491017964072
204569,,223,1703,206.2780269058296,27.011156782149147
204570,Pastor Gil,306,1667,150.32679738562092,27.594481103779245
204571,Alex Santana,335,1662,137.3134328358209,27.677496991576415
204572,Capitão Alberto Neto,348,2699,132.183908045977,17.043349388662467
204573,Otto Alencar Filho,351,1827,131.05413105413106,25.177887246852762
204574,Junior Lourenço,235,1100,195.74468085106383,41.81818181818182
204575,,220,1288,209.0909090909091,35.714285714285715
204576,,156,1050,294.87179487179486,43.80952380952381
205476,Charles Fernandes,346,1959,132.9479768786127,23.481368044920877
205535,,74,436,621.6216216216217,105.5045871559633
205548,,199,1202,231.15577889447235,38.26955074875208
205550,Jorge Braz,348,1720,132.183908045977,26.74418604651163
205863,,175,1012,262.85714285714283,45.45454545454545
205865,Reinhold Stephanes,257,1362,178.98832684824902,33.773861967694565
206018,Célia Xakriabá,108,649,425.9259259259259,70.87827426810478
206231,,186,1127,247.31182795698925,40.816326530612244
207176,,190,1116,242.10526315789474,41.21863799283154
207309,,100,737,460.0,62.41519674355495
208297,,15,73,3066.6666666666665,630.1369863013699
209189,Joseildo Ramos,338,1778,136.09467455621302,25.871766029246345
209787,Nikolas Ferreira,118,792,389.8305084745763,58.08080808080808
210989,Bruno Farias,107,614,429.9065420560748,74.9185667752443
211498,,1,4,46000.0,11500.0
211866,,14,54,3285.714285714286,851.8518518518518
212504,,11,34,4181.818181818182,1352.9411764705883
212625,,64,303,718.75,151.8151815181518
212749,,91,628,505.4945054945055,73.2484076433121
213274,,275,1710,167.27272727272728,26.900584795321638
213679,,43,380,1069.7674418604652,121.05263157894737
213762,Carla Dickson,217,1380,211.9815668202765,33.333333333333336
213854,,30,267,1533.3333333333333,172.28464419475657
213856,,31,282,1483.8709677419354,163.12056737588654
214445,,28,172,1642.857142857143,267.4418604651163
214477,,44,283,1045.4545454545455,162.5441696113074
214694,Jorge Goetten,135,989,340.74074074074076,46.51162790697674
214865,,16,121,2875.0,380.1652892561983
215042,,110,575,418.1818181818182,80.0
215043,Josivaldo JP,221,1033,208.1447963800905,44.53049370764763
215044,,114,668,403.50877192982455,68.8622754491018
215045,,97,520,474.22680412371136,88.46153846153847
215361,,2,13,23000.0,3538.4615384615386
216198,,8,25,5750.0,1840.0
216313,,9,26,5111.111111111111,1769.2307692307693
216544,,45,220,1022.2222222222222,209.0909090909091
216545,,11,45,4181.818181818182,1022.2222222222222
217036,,15,52,3066.6666666666665,884.6153846153846
217330,,39,169,1179.4871794871794,272.18934911242604
217480,,93,655,494.6236559139785,70.22900763358778
218086,Ely Santos,105,576,438.0952380952381,79.86111111111111
218245,,33,198,1393.939393939394,232.32323232323233
218741,,20,114,2300.0,403.50877192982455
218879,,27,176,1703.7037037037037,261.3636363636364
219568,,11,58,4181.818181818182,793.1034482758621
219585,,102,484,450.98039215686276,95.04132231404958
219592,,11,91,4181.818181818182,505.4945054945055
219599,,11,85,4181.818181818182,541.1764705882352
219920,,1,4,46000.0,11500.0
220008,,29,215,1586.2068965517242,213.95348837209303
220526,Gilvan da Federal,111,582,414.4144144144144,79.03780068728523
220527,Jack Rocha,124,575,370.96774193548384,80.0
220528,Dr. Victor Linhalis,112,952,410.7142857142857,48.319327731092436
220529,Gilson Daniel,124,944,370.96774193548384,48.728813559322035
220530,Messias Donato,123,589,373.9837398373984,78.09847198641766
220531,,109,455,422.0183486238532,101.0989010989011
220532,Rafael Prudente,119,460,386.5546218487395,100.0
220533,Prof. Reginaldo Veras,118,664,389.8305084745763,69.27710843373494
220534,Fred Linhares,123,621,373.9837398373984,74.07407407407408
220536,Zé Haroldo Cathedral,115,1016,400.0,45.275590551181104
220537,Helena Lima,100,372,460.0,123.65591397849462
220538,Albuquerque,113,578,407.07964601769913,79.58477508650519
220539,Defensor Stélio Dener,113,717,407.07964601769913,64.15620641562064
220540,Duda Ramos,112,463,410.7142857142857,99.35205183585313
220542,Alexandre Guimarães,101,427,455.44554455445547,107.72833723653396
220543,Ricardo Ayres,124,1003,370.96774193548384,45.86241276171486
220544,Antonio Andrade,115,469,400.0,98.08102345415779
220545,Filipe Martins,124,484,370.96774193548384,95.04132231404958
220546,Rodolfo Nogueira,124,922,370.96774193548384,49.891540130151846
220547,Marcos Pollon,120,1256,383.3333333333333,36.62420382165605
220548,Camila Jara,118,471,389.8305084745763,97.66454352441613
220549,Any Ortiz,120,519,383.3333333333333,88.6319845857418
220550,Mauricio Marcon,123,890,373.9837398373984,51.68539325842696
220551,Franciane Bayer,113,683,407.07964601769913,67.34992679355783
220552,Zucco,123,848,373.9837398373984,54.24528301886792
220553,Denise Pessôa,121,710,380.1652892561983,64.78873239436619
220554,Alexandre Lindenmeyer,113,502,407.07964601769913,91.63346613545816
220555,Daiana Santos,108,591,425.9259259259259,77.834179357022
220556,Ana Paula Lima,120,553,383.3333333333333,83.18264014466546
220557,Daniela Reinehr,123,689,373.9837398373984,66.76342525399129
220558,Zé Trovão,120,555,383.3333333333333,82.88288288288288
220559,Julia Zanatta,107,796,429.9065420560748,57.78894472361809
220560,Thiago de Joaldo,108,477,425.9259259259259,96.43605870020964
220561,Delegada Katarina,116,955,396.55172413793105,48.167539267015705
220563,Icaro de Valmir,98,454,469.38775510204084,101.3215859030837
220564,Yandra Moura,88,643,522.7272727272727,71.53965785381027
220565,Delegada Adriana Accorsi,118,514,389.8305084745763,89.49416342412451
220566,Lêda Borges,110,540,418.1818181818182,85.18518518518519
220567,Jeferson Rodrigues,97,349,474.22680412371136,131.8051575931232
220568,Gustavo Gayer,117,532,393.1623931623932,86.46616541353383
220569,Silvye Alves,112,438,410.7142857142857,105.0228310502283
220570,Dr. Ismael Alexandrino,114,619,403.50877192982455,74.31340872374798
220571,Daniel Agrobom,124,645,370.96774193548384,71.31782945736434
220572,Marussa Boldrin,122,632,377.04918032786884,72.78481012658227
220573,Dorinaldo Malafaia,99,519,464.64646464646466,88.6319845857418
220574,Cabo Gilberto Silva,124,1306,370.96774193548384,35.22205206738132
220575,,76,443,605.2631578947369,103.83747178329571
220576,Alfredo Gaspar,124,1077,370.96774193548384,42.71123491179201
220577,,104,504,442.3076923076923,91.26984126984127
220578,Josenildo,124,622,370.96774193548384,73.95498392282958
220579,,109,650,422.0183486238532,70.76923076923077
220580,,100,499,460.0,92.18436873747495
220581,Luciano Amaral,121,483,380.1652892561983,95.23809523809524
220582,Daniel Barbosa,99,476,464.64646464646466,96.63865546218487
220583,Delegado Fabio Costa,123,855,373.9837398373984,53.801169590643276
220584,Murilo Galdino,111,697,414.4144144144144,65.99713055954089
220585,Mersinho Lucena,103,607,446.6019417475728,75.7825370675453
220586,Rafael Brito,114,577,403.50877192982455,79.72270363951473
220587,,85,573,541.1764705882352,80.27923211169285
220588,Roberto Duarte,115,939,400.0,48.98828541001065
220589,Eduardo Velloso,102,418,450.98039215686276,110.04784688995215
220590,Coronel Ulysses,118,592,389.8305084745763,77.70270270270271
220591,Meire Serafim,113,439,407.07964601769913,104.78359908883827
220592,Zezinho Barbary,110,456,418.1818181818182,100.87719298245614
220593,,74,333,621.6216216216217,138.13813813813815
220594,Coronel Assis,122,844,377.04918032786884,54.502369668246445
220595,Coronel Fernanda,111,1026,414.4144144144144,44.83430799220273
220596,,60,274,766.6666666666666,167.8832116788321
220597,Thiago Flores,118,671,389.8305084745763,68.55439642324889
220598,Tarcísio Motta,119,886,386.5546218487395,51.918735891647856
220599,Marcelo Crivella,121,917,380.1652892561983,50.163576881134134
220600,,103,443,446.6019417475728,103.83747178329571
220601,,64,278,718.75,165.46762589928056
220602,Dimas Gadelha,123,540,373.9837398373984,85.18518518518519
220603,Dani Cunha,103,651,446.6019417475728,70.6605222734255
220604,Marcos Tavares,112,732,410.7142857142857,62.84153005464481
220605,Bandeira de Mello,120,547,383.3333333333333,84.09506398537476
220606,Reimont,117,723,393.1623931623932,63.623789764868604
220607,Max Lemos,122,599,377.04918032786884,76.79465776293823
220608,Cristiane Lopes,120,507,383.3333333333333,90.72978303747534
220609,Maurício Carvalho,118,566,389.8305084745763,81.2720848056537
220610,Dr. Fernando Máximo,113,538,407.07964601769913,85.50185873605948
220611,General Pazuello,117,665,393.1623931623932,69.17293233082707
220612,Bebeto,124,560,370.96774193548384,82.14285714285714
220613,Roberto Monteiro Pai,118,888,389.8305084745763,51.8018018018018
220614,,44,228,1045.4545454545455,201.75438596491227
220615,Pastor Henrique Vieira,122,787,377.04918032786884,58.449809402795424
220616,Luciano Vieira,111,458,414.4144144144144,100.43668122270742
220617,Murillo Gouvea,120,540,383.3333333333333,85.18518518518519
220618,Sargento Portugal,110,840,418.1818181818182,54.76190476190476
220619,Delegado Ramagem,124,1120,370.96774193548384,41.07142857142857
220620,Rosângela Reis,115,715,400.0,64.33566433566433
220621,Sargento Gonçalves,124,766,370.96774193548384,60.052219321148826
220622,Nely Aquino,123,611,373.9837398373984,75.28641571194763
220623,Duda Salabert,101,810,455.44554455445547,56.79012345679013
220624,Robinson Faria,120,733,383.3333333333333,62.755798090040926
220625,Delegada Ione,107,666,429.9065420560748,69.06906906906907
220626,Rafael Simoes,120,537,383.3333333333333,85.6610800744879
220627,,75,322,613.3333333333334,142.85714285714286
220628,Mauricio do Vôlei,113,489,407.07964601769913,94.06952965235173
220629,Dandara,113,486,407.07964601769913,94.65020576131687
220630,Pedro Aihara,118,978,389.8305084745763,47.034764826175866
220631,Samuel Viana,120,471,383.3333333333333,97.66454352441613
220632,Ana Pimentel,119,495,386.5546218487395,92.92929292929293
220633,Ricardo Salles,106,528,433.9622641509434,87.12121212121212
220634,,43,175,1069.7674418604652,262.85714285714283
220635,Bruno Ganem,113,424,407.07964601769913,108.49056603773585
220638,Antonio Carlos Rodrigues,124,687,370.96774193548384,66.95778748180494
220639,Guilherme Boulos,120,553,383.3333333333333,83.18264014466546
220640,Juliana Cardoso,115,533,400.0,86.30393996247655
220641,Rodrigo Gambale,119,482,386.5546218487395,95.4356846473029
220642,Delegado Bruno Lima,58,321,793.1034482758621,143.30218068535825
220644,Rosangela Moro,117,967,393.1623931623932,47.569803516028955
220645,Erika Hilton,98,445,469.38775510204084,103.37078651685393
220646,Felipe Becari,76,373,605.2631578947369,123.32439678284182
220647,Mauricio Neves,102,357,450.98039215686276,128.8515406162465
220648,Marangoni,112,731,410.7142857142857,62.92749658002736
220649,Delegado da Cunha,107,745,429.9065420560748,61.74496644295302
220650,Paulo Alexandre Barbosa,109,481,422.0183486238532,95.63409563409563
220651,Simone Marquetto,104,437,442.3076923076923,105.26315789473684
220652,Delegado Palumbo,119,650,386.5546218487395,70.76923076923077
220653,Fábio Teruel,118,497,389.8305084745763,92.5553319919517
220654,Delegado Paulo Bilynskyj,121,1018,380.1652892561983,45.18664047151277
220655,Mario Frias,118,538,389.8305084745763,85.50185873605948
220656,Fernanda Pessoa,116,820,396.55172413793105,56.09756097560975
220657,André Fernandes,109,515,422.0183486238532,89.32038834951456
220658,Luiz Gastão,119,1041,386.5546218487395,44.18828049951969
220659,Dayany Bittencourt,105,715,438.0952380952381,64.33566433566433
220660,Yury do Paredão,102,495,450.98039215686276,92.92929292929293
220661,Matheus Noronha,113,427,407.07964601769913,107.72833723653396
220662,Lucas Ramos,122,598,377.04918032786884,76.92307692307692
220663,Eriberto Medeiros,114,669,403.50877192982455,68.75934230194319
220664,Guilherme Uchoa,117,468,393.1623931623932,98.2905982905983
220665,Clarissa Tércio,104,410,442.3076923076923,112.1951219512195
220666,Coronel Meira,122,957,377.04918032786884,48.06687565308255
220667,Pedro Campos,112,880,410.7142857142857,52.27272727272727
220668,Maria Arraes,106,683,433.9622641509434,67.34992679355783
220669,Lula da Fonte,111,412,414.4144144144144,111.6504854368932
220670,Iza Arruda,113,508,407.07964601769913,90.55118110236221
220671,Dilvanda Faro,120,548,383.3333333333333,83.94160583941606
220672,Henderson Pinto,111,499,414.4144144144144,92.18436873747495
220673,Delegado Caveira,122,968,377.04918032786884,47.52066115702479
220674,Dra. Alessandra Haber,108,627,425.9259259259259,73.3652312599681
220675,Antônio Doido,110,423,418.1818181818182,108.74704491725768
220676,Andreia Siqueira,97,423,474.22680412371136,108.74704491725768
220677,Keniston Braga,120,464,383.3333333333333,99.13793103448276
220681,Fábio Macedo,86,350,534.8837209302326,131.42857142857142
220682,Tadeu Veneri,121,670,380.1652892561983,68.65671641791045
220683,Beto Richa,119,620,386.5546218487395,74.19354838709677
220684,Tião Medeiros,110,598,418.1818181818182,76.92307692307692
220685,Paulo Litro,112,444,410.7142857142857,103.6036036036036
220686,Duarte Jr.,123,1043,373.9837398373984,44.103547459252155
220687,Márcio Honaiser,99,597,464.64646464646466,77.05192629815745
220688,Dr. Francisco,124,593,370.96774193548384,77.57166947723441
220689,Detinha,86,317,534.8837209302326,145.11041009463722
220690,Capitão Alden,122,833,377.04918032786884,55.222088835534215
220691,Diego Coronel,111,774,414.4144144144144,59.43152454780362
220692,Dal Barreto,111,452,414.4144144144144,101.76991150442478
220693,Roberta Roma,110,461,418.1818181818182,99.78308026030369
220694,Ricardo Maia,120,467,383.3333333333333,98.50107066381156
220695,Rogéria Santos,116,498,396.55172413793105,92.36947791164658
220696,Ivoneide Caetano,119,484,386.5546218487395,95.04132231404958
220697,Jadyel Alencar,112,535,410.7142857142857,85.98130841121495
220698,,36,126,1277.7777777777778,365.07936507936506
220699,Castro Neto,110,555,418.1818181818182,82.88288288288288
220700,Florentino Neto,116,472,396.55172413793105,97.45762711864407
220701,Delegado Matheus Laiola,123,676,373.9837398373984,68.04733727810651
220702,Geraldo Mendes,85,333,541.1764705882352,138.13813813813815
220703,Neto Carletto,118,618,389.8305084745763,74.4336569579288
220704,Carol Dartora,106,587,433.9622641509434,78.36456558773425
220705,,25,219,1840.0,210.0456621004566
220706,Padovani,101,355,455.44554455445547,129.57746478873239
220707,Amanda Gentil,87,631,528.735632183908,72.90015847860539
220708,Gabriel Nunes,123,497,373.9837398373984,92.5553319919517
220712,Fausto Jr.,68,324,676.4705882352941,141.97530864197532
220713,,83,418,554.2168674698795,110.04784688995215
220714,Adail Filho,118,646,389.8305084745763,71.20743034055728
220715,Amom Mandel,106,604,433.9622641509434,76.15894039735099
221147,,1,4,46000.0,11500.0
221148,Alfredinho,123,491,373.9837398373984,93.68635437881873
221149,,1,4,46000.0,11500.0
221157,,1,4,46000.0,11500.0
221183,,1,4,46000.0,11500.0
221328,Adilson Barroso,116,466,396.55172413793105,98.71244635193133
221329,Ricardo Abrão,44,177,1045.4545454545455,259.88700564971754
221338,Professora Luciene Cavalcante,120,791,383.3333333333333,58.154235145385584
221339,,82,338,560.9756097560976,136.09467455621302
221378,,82,344,560.9756097560976,133.72093023255815
222142,,61,344,754.0983606557377,133.72093023255815
222429,Luis Carlos Gomes,117,518,393.1623931623932,88.8030888030888
223128,Rodrigo Estacho,114,417,403.50877192982455,110.31175059952038
223398,,12,57,3833.3333333333335,807.0175438596491
224117,Gabriel Mota,107,418,429.9065420560748,110.04784688995215
224333,Welter,104,503,442.3076923076923,91.45129224652088
225386,,13,61,3538.4615384615386,754.0983606557377
225727,,12,78,3833.3333333333335,589.7435897435897
225730,Enfermeira Ana Paula,43,209,1069.7674418604652,220.0956937799043
226075,,10,101,4600.0,455.44554455445547
226179,Gisela Simona,92,766,500.0,60.052219321148826
226410,,11,100,4181.818181818182,460.0
226553,,8,61,5750.0,754.0983606557377
226708,Allan Garcês,81,541,567.9012345679013,85.02772643253235
226837,Saulo Pedroso,81,421,567.9012345679013,109.26365795724466
227275,,12,100,3833.3333333333335,460.0
227310,,13,75,3538.4615384615386,613.3333333333334
227323,,8,62,5750.0,741.9354838709677
227324,,11,60,4181.818181818182,766.6666666666666
227370,,13,107,3538.4615384615386,429.9065420560748
227401,,11,74,4181.818181818182,621.6216216216217
227433,Douglas Viegas,65,252,707.6923076923077,182.53968253968253
227660,,61,293,754.0983606557377,156.9965870307167
227800,,15,88,3066.6666666666665,522.7272727272727
227991,,10,106,4600.0,433.9622641509434
228272,,9,39,5111.111111111111,1179.4871794871794
228616,,10,32,4600.0,1437.5
228797,,14,108,3285.714285714286,425.9259259259259
228837,,13,81,3538.4615384615386,567.9012345679013
228941,,11,68,4181.818181818182,676.4705882352941
229069,,12,59,3833.3333333333335,779.6610169491526
229082,,10,98,4600.0,469.38775510204084
229106,,14,124,3285.714285714286,370.96774193548384
229112,,15,77,3066.6666666666665,597.4025974025974
229225,,14,57,3285.714285714286,807.0175438596491
229259,,13,61,3538.4615384615386,754.0983606557377
229333,,15,108,3066.6666666666665,425.9259259259259
229432,Luiz Fernando Vampiro,38,236,1210.5263157894738,194.91525423728814
229585,,16,90,2875.0,511.1111111111111
229939,,14,94,3285.714285714286,489.36170212765956
230088,,8,22,5750.0,2090.909090909091
230177,,9,33,5111.111111111111,1393.939393939394
230762,Pastor Claudio Mariano,33,127,1393.939393939394,362.20472440944883
230764,,22,158,2090.909090909091,291.1392405063291
230765,Enfermeira Rejane,39,152,1179.4871794871794,302.63157894736844
230767,Rodrigo da Zaeli,39,220,1179.4871794871794,209.0909090909091
230768,Zé Adriano,36,146,1277.7777777777778,315.06849315068496
230957,João Cury,38,149,1210.5263157894738,308.7248322147651
231911,Lenir de Assis,27,52,1703.7037037037037,884.6153846153846
233592,Paulo Lemos,8,14,5750.0,3285.714285714286
233594,Rafael Fera,8,7,5750.0,6571.428571428572
233598,Samuel Santos,7,5,6571.428571428572,9200.0
